שם פרטי,"סך הכל בשנים
1948-2021",1948,1949,1950,1951,1952,1953,1954,1955,1956,1957,1958,1959,1960,1961,1962,1963,1964,1965,1966,1967,1968,1969,1970,1971,1972,1973,1974,1975,1976,1977,1978,1979,1980,1981,1982,1983,1984,1985,1986,1987,1988,1989,1990,1991,1992,1993,1994,1995,1996,1997,1998,1999,2000,2001,2002,2003,2004,2005,2006,2007,2008,2009,2010,2011,2012,2013,2014,2015,2016,2017,2018,2019,2020,2021
אבתיסאם,89,2,2,0,2,2,0,2,2,2,2,2,2,2,7,6,5,2,10,7,2,2,2,0,2,0,0,2,2,2,0,2,2,0,0,0,0,2,2,2,0,0,0,0,0,0,0,0,0,0,0,0,0,0,0,0,0,0,2,0,0,0,0,0,0,0,0,0,0,0,0,0,0,0,0
אדל,33,0,0,0,0,0,0,0,0,0,0,0,2,0,0,0,0,0,0,0,2,0,0,0,0,0,0,0,0,0,0,0,0,0,0,2,0,0,2,2,0,0,0,0,0,0,0,0,2,0,0,0,2,0,0,0,2,0,0,0,0,0,0,2,2,2,2,0,0,5,2,5,0,6,2
אווה,64,0,0,0,0,0,2,0,0,0,0,0,2,0,2,0,0,2,2,2,2,2,2,0,0,2,2,0,2,0,0,2,2,0,0,2,2,0,0,0,2,0,0,0,2,0,0,0,0,0,0,0,2,2,2,2,2,0,0,0,2,0,2,2,2,2,2,5,2,2,2,0,2,2,0
אומימה,82,0,0,0,0,0,0,0,0,0,2,2,2,0,2,2,2,7,10,6,2,2,5,9,2,0,2,2,2,2,2,2,0,0,2,0,0,0,0,0,0,0,0,0,0,0,0,0,0,0,0,2,0,0,0,0,0,0,0,0,0,0,0,0,0,0,2,0,0,0,0,0,0,0,0
אח'לאס,57,0,2,2,2,2,0,2,0,2,2,2,2,2,2,2,2,5,2,8,5,0,0,0,2,0,2,0,0,0,0,0,0,2,0,0,0,0,0,0,2,0,0,0,0,0,0,0,0,0,0,0,0,0,0,2,2,0,0,0,0,0,0,0,0,0,0,0,0,0,0,0,0,2,0
אחלאם,131,0,0,0,0,0,0,0,0,2,2,0,2,2,2,0,2,0,2,2,0,2,2,2,2,2,2,2,0,2,2,2,2,5,7,6,11,7,2,11,2,6,5,2,5,5,2,2,2,2,2,2,2,2,2,2,0,2,0,0,0,0,2,0,0,0,0,0,0,0,0,0,0,2,0
אחלאס,37,0,0,0,2,2,0,0,2,2,2,2,0,5,2,2,0,2,0,0,2,0,0,2,2,0,0,0,2,0,0,0,0,2,0,0,0,0,0,2,0,0,0,2,0,0,0,0,0,0,2,0,0,0,0,0,0,0,0,0,0,0,0,0,0,0,0,0,0,0,0,0,0,0,0
איבון,85,2,2,2,2,2,2,2,2,0,2,2,0,2,0,2,2,0,2,2,0,0,0,2,0,0,0,2,0,2,2,2,2,2,2,2,2,2,0,0,0,0,0,2,2,2,2,2,2,0,0,0,0,2,2,0,2,2,0,2,2,2,0,0,0,2,0,0,0,0,0,0,0,0,2
איבתסאם,88,0,0,2,2,2,2,2,2,6,5,2,2,8,2,9,5,2,2,0,2,2,2,2,2,2,5,0,2,2,0,0,0,0,0,0,0,0,0,0,0,0,0,0,0,0,0,0,0,2,0,0,0,0,0,2,0,0,0,0,2,0,0,0,0,0,0,0,0,0,0,0,0,0,0
איח'לאס,79,2,2,2,2,2,2,2,2,5,2,5,7,2,2,2,2,2,0,2,2,2,2,0,2,6,2,2,2,0,0,0,0,0,2,0,2,2,2,2,0,0,0,0,0,0,0,0,0,0,0,0,0,0,0,0,0,0,0,0,0,0,0,0,0,0,0,0,0,0,0,0,0,0,0
איחלאס,42,0,2,0,0,2,2,0,2,2,2,2,5,2,2,2,0,2,2,0,2,0,2,2,2,0,2,2,2,0,0,0,0,0,0,0,0,2,0,2,0,0,0,0,0,0,0,0,0,0,0,0,2,0,0,0,0,0,0,0,0,0,2,0,0,0,0,0,0,0,0,0,0,0,0
איילא,13,0,0,0,0,0,0,0,0,0,0,0,0,0,0,0,0,0,0,0,0,0,0,0,0,0,0,0,0,0,0,0,0,0,0,0,0,0,0,0,0,0,0,0,0,0,0,0,0,0,0,0,0,0,0,0,0,2,0,0,0,0,0,0,0,0,0,0,0,0,2,2,0,2,6
איילה,41,0,0,0,0,0,0,0,0,0,0,0,0,0,2,0,0,0,0,0,0,0,0,0,0,0,0,0,0,0,0,0,0,0,0,2,0,0,0,0,0,0,0,0,0,0,0,0,2,0,0,0,0,0,0,0,0,0,0,0,0,0,0,0,0,0,0,2,0,2,2,2,2,10,18
אילא,23,0,0,0,0,0,0,0,0,0,0,0,0,0,0,0,0,0,0,0,0,0,0,0,0,0,0,0,0,0,0,0,0,0,0,0,0,0,0,0,0,0,0,0,0,0,0,0,0,0,0,0,0,0,0,0,0,0,0,0,0,0,0,0,0,0,2,2,0,2,2,2,2,6,6
אילהאם,113,0,0,0,0,0,2,0,2,2,2,2,10,10,8,6,11,6,8,2,2,5,7,2,2,0,2,2,2,0,2,0,2,0,0,0,0,0,2,0,0,0,0,0,2,0,0,0,0,0,0,0,0,0,0,0,0,0,0,0,0,0,0,0,0,2,0,0,0,0,0,0,0,0,0
אילין,186,5,2,6,5,2,5,2,2,2,5,2,2,2,2,2,0,2,2,2,0,2,2,0,0,0,2,2,2,0,0,0,2,0,2,0,0,0,2,2,2,2,0,2,2,2,2,2,2,2,2,2,2,0,2,0,2,2,2,2,0,2,0,2,2,2,2,11,2,2,2,0,0,2,0
אימאן,300,0,0,0,0,0,0,0,2,0,0,2,2,2,5,7,11,9,10,14,10,10,14,8,11,16,11,6,8,5,9,7,17,5,7,7,9,9,2,8,2,14,2,8,2,2,5,2,2,2,2,2,2,2,2,0,0,0,0,0,0,2,2,0,0,0,0,0,0,0,2,2,0,0,2
אינס,178,0,0,0,0,0,0,0,0,0,0,0,0,0,0,0,0,0,0,2,2,2,2,2,2,8,2,10,8,7,2,7,7,14,7,9,10,11,6,5,2,5,2,9,2,2,5,2,5,2,2,2,0,2,2,2,2,0,0,2,0,0,0,0,2,0,0,0,0,0,0,0,0,0,0
אינעאם,71,2,0,2,0,2,2,2,0,2,2,2,2,2,2,7,2,2,2,0,2,5,2,2,0,2,2,0,2,0,0,2,2,0,0,0,2,0,0,0,0,0,2,2,0,0,0,0,0,0,0,0,0,0,0,0,0,0,0,0,0,0,0,0,0,0,0,0,0,0,0,0,0,0,0
אלאא,41,0,0,0,0,0,0,0,0,0,0,0,0,0,0,0,0,0,0,0,0,0,0,0,0,0,0,0,0,0,2,0,0,0,0,0,2,0,2,0,0,0,2,0,0,2,0,0,0,2,0,2,2,2,0,0,0,0,0,0,2,0,2,2,2,2,2,0,2,2,2,2,2,7,2
אלהאם,128,2,0,2,2,2,2,2,2,0,2,2,7,6,12,10,2,2,2,2,6,6,2,6,2,2,2,2,2,0,2,2,2,2,0,2,0,2,2,2,0,2,0,2,0,0,0,0,0,2,0,0,0,0,0,2,2,0,0,2,0,2,0,0,0,0,0,2,2,2,2,2,0,2,2
אליאנה,70,0,0,0,0,0,0,0,0,0,0,0,0,0,0,0,0,0,0,0,0,2,0,0,0,0,2,0,0,2,0,0,0,0,0,0,2,2,0,0,2,0,0,2,2,5,2,2,2,2,2,2,2,2,2,2,2,0,0,2,2,2,2,2,2,0,2,5,2,2,2,5,2,2,2
אלין,332,2,2,0,0,0,2,2,2,0,0,2,2,2,2,0,2,0,0,2,0,2,2,0,5,0,2,8,2,6,2,2,2,2,2,2,2,2,2,6,2,2,2,6,6,2,2,2,7,2,7,2,2,7,8,6,9,2,7,11,9,2,5,10,8,15,11,22,9,8,13,7,6,8,5
אלינור,68,2,0,2,0,0,0,0,0,0,0,0,0,0,0,0,0,0,0,2,2,2,0,0,0,2,2,0,2,0,0,0,0,2,0,0,0,0,0,2,0,0,0,2,2,0,0,2,2,2,0,2,2,0,2,5,2,2,0,2,2,0,2,6,2,2,5,2,2,2,2,0,2,2,2
אליס,219,2,2,2,6,7,2,2,2,2,2,2,2,2,2,2,2,2,2,2,2,2,2,2,2,2,2,2,2,0,2,2,2,2,2,2,0,2,2,2,2,2,2,6,2,2,2,2,2,2,2,2,2,5,2,2,2,2,2,2,2,5,0,2,0,2,2,2,0,2,2,0,2,0,0
אליסה,46,0,0,0,0,0,0,0,0,0,0,0,0,0,0,0,0,0,0,0,0,0,0,0,0,0,0,0,0,0,0,0,0,0,0,0,0,0,2,0,0,0,0,0,0,0,0,0,2,2,2,0,0,0,0,2,5,7,2,2,2,2,2,2,2,2,2,2,0,0,0,0,0,2,2
אלמא,43,0,0,0,0,0,0,0,0,0,0,0,0,0,0,0,0,0,0,0,0,0,0,0,0,0,0,0,0,0,0,0,0,0,0,0,0,0,0,0,2,0,0,0,0,0,0,0,0,0,0,0,0,0,0,0,0,0,0,0,0,2,2,2,2,2,2,0,6,2,2,7,2,6,2
אלמה,60,0,0,0,0,0,0,0,2,0,0,0,0,0,0,0,0,0,0,0,0,0,0,0,0,0,0,0,0,0,0,0,0,0,0,0,0,0,0,0,0,0,0,0,0,0,0,0,0,0,0,2,0,0,0,0,0,0,0,0,0,2,0,2,2,2,2,2,2,2,8,9,7,9,6
אמאני,48,0,0,0,0,0,0,0,0,0,0,0,0,0,0,0,0,0,0,0,0,0,0,0,0,2,0,2,2,0,0,0,0,0,2,2,8,2,2,2,2,2,2,2,2,0,2,2,2,2,2,0,2,2,0,0,2,0,2,0,0,0,0,0,0,2,0,0,0,0,0,0,0,0,0
אמה,51,0,0,0,0,0,0,0,0,0,0,0,0,0,0,0,0,0,0,0,0,0,2,0,0,0,0,0,0,0,0,0,0,0,0,0,0,0,0,0,0,0,0,0,0,0,0,2,0,0,2,0,0,0,0,2,2,0,2,0,2,2,2,0,2,0,2,2,2,8,2,8,2,2,8
אמילי,170,0,2,2,2,2,0,2,2,2,2,2,0,0,0,2,2,0,0,0,0,0,0,2,0,0,0,2,0,0,0,2,0,2,0,0,2,0,0,0,0,2,2,2,0,2,0,2,2,2,0,2,2,0,2,2,2,2,2,2,2,2,2,2,2,2,12,2,14,11,8,6,11,10,6
אמיליה,20,0,0,0,2,0,0,0,2,0,0,0,0,0,0,0,2,0,0,0,0,2,0,0,0,0,0,0,0,0,0,0,0,0,0,0,0,0,0,0,0,0,0,2,0,0,0,0,0,0,2,0,0,0,0,0,0,0,0,0,0,0,0,2,2,2,2,0,0,2,0,0,2,2,5
אמירה,325,2,2,8,6,7,8,5,12,5,8,12,9,11,15,9,16,10,10,7,8,7,9,8,6,9,2,2,5,5,2,8,2,2,2,2,2,2,2,2,2,2,2,2,2,0,2,2,2,2,0,2,0,0,2,2,2,2,2,2,2,2,6,0,0,0,2,2,2,2,0,2,2,2,2
אמל,849,9,7,9,6,8,9,7,14,13,18,22,16,21,21,24,27,25,14,22,23,16,20,24,19,12,17,20,13,19,15,10,20,15,9,11,13,7,10,8,12,9,7,12,7,13,8,2,13,10,13,2,9,8,7,7,12,2,2,5,2,6,2,2,2,0,2,6,2,0,0,2,2,5,0
אנג'לה,59,0,0,0,0,0,0,0,0,0,0,0,0,0,0,0,0,0,0,0,0,0,2,0,2,0,2,0,0,2,0,0,0,2,0,0,0,0,2,0,0,2,0,0,0,0,2,2,0,2,2,2,2,2,0,2,2,2,0,2,2,0,2,2,2,2,2,2,5,2,0,2,2,2,2
אנג'לינה,92,0,0,0,0,0,0,0,0,0,0,0,0,0,0,0,0,0,0,0,0,0,0,0,0,0,0,0,0,0,0,0,2,0,0,0,0,2,2,0,0,0,2,0,0,0,0,2,0,0,0,0,0,2,2,0,2,0,2,5,5,11,5,7,7,6,5,2,7,2,2,2,2,5,2
אנגאם,31,0,0,0,0,0,0,0,0,0,0,0,0,0,0,0,0,0,0,0,0,0,0,0,2,0,0,2,0,2,2,2,0,2,2,2,0,2,0,0,0,0,2,5,2,2,0,2,2,0,2,0,0,0,0,0,2,0,0,0,0,0,0,0,0,0,0,0,0,0,0,0,0,0,0
אנה,88,0,0,0,0,0,0,0,2,0,2,2,0,0,2,2,0,0,2,0,0,0,0,0,0,0,0,0,0,2,0,0,2,2,2,2,2,0,2,0,0,2,0,2,0,2,0,2,2,2,2,2,2,2,2,0,5,2,0,2,2,2,2,2,2,5,2,2,0,2,2,2,2,5,2
אנוור,26,0,0,0,0,0,0,0,0,0,0,0,0,0,0,0,0,0,0,0,0,0,2,2,0,0,0,0,0,2,0,2,0,0,0,0,0,0,2,0,2,2,0,0,2,6,0,2,2,2,0,2,0,2,0,0,0,0,0,0,0,0,0,0,0,0,0,0,0,0,0,0,0,0,0
אניסה,78,2,2,2,0,2,2,2,0,2,2,2,2,2,2,0,2,2,0,0,2,0,2,2,0,0,0,0,2,2,2,5,2,0,2,0,0,0,2,2,0,2,0,2,2,2,0,0,2,0,0,0,0,0,2,0,0,0,0,0,0,2,0,0,0,0,2,0,0,0,2,0,0,0,0
אסיל,106,0,0,0,0,0,0,0,0,0,0,0,0,0,0,0,0,0,0,0,0,0,0,0,0,0,0,0,0,0,0,2,2,0,0,0,2,0,0,0,0,2,2,2,2,2,2,5,0,7,6,10,8,6,8,2,2,0,2,2,2,2,2,2,2,2,2,0,2,2,2,0,2,2,2
אסמהאן,37,0,2,2,2,2,2,0,2,2,0,0,2,2,2,0,2,2,2,6,2,2,0,2,2,0,2,0,2,2,0,2,2,0,0,0,0,0,0,0,0,0,0,0,0,0,0,0,0,0,0,0,0,0,0,0,0,0,0,0,0,0,0,0,0,0,0,0,0,0,0,0,0,0,0
אפנאן,42,0,0,0,0,0,0,0,0,0,0,0,0,0,2,0,0,0,0,2,0,0,0,2,2,2,0,0,2,6,6,2,0,2,0,0,2,2,2,2,0,2,2,2,0,0,2,2,0,2,0,0,2,0,2,0,0,0,0,0,0,0,0,0,0,0,0,0,0,0,0,0,0,0,0
אריג',166,0,0,0,0,0,0,0,0,0,0,0,2,0,0,0,0,2,2,2,2,2,2,2,2,6,2,2,2,2,2,6,2,6,7,11,2,5,8,6,13,8,11,7,9,6,2,2,2,2,2,0,2,2,2,2,2,2,0,0,0,0,0,2,0,0,0,0,0,0,0,0,0,0,0
באדרה,74,2,2,2,2,2,2,2,2,2,2,5,2,2,6,2,2,2,2,2,2,0,2,2,2,2,0,0,2,2,0,2,2,0,0,0,0,0,2,2,0,2,0,0,0,0,0,0,0,0,0,0,0,0,0,2,0,0,0,0,0,0,0,0,0,0,0,0,0,0,0,0,0,0,0
בדיעה,136,2,2,2,2,2,5,2,2,2,2,0,2,0,2,0,5,2,0,2,2,2,0,2,2,2,2,2,2,2,2,2,2,5,0,0,2,2,2,2,2,0,0,0,2,2,2,0,0,0,2,2,0,0,0,0,0,0,2,0,2,0,0,0,0,0,2,0,0,2,0,0,0,0,0
בסמה,72,0,2,0,0,0,2,0,0,0,2,2,2,2,6,0,2,2,2,0,5,2,2,2,2,2,0,2,2,0,2,2,2,0,2,0,2,2,2,2,2,2,0,0,2,0,2,0,2,0,0,0,0,0,0,0,0,0,0,0,0,0,0,0,2,2,0,2,0,0,0,0,2,0,0
ג'אנית,96,2,2,0,2,2,2,2,2,7,2,2,5,2,2,2,2,0,2,2,0,2,0,0,2,2,2,2,0,2,0,0,0,2,2,2,2,0,0,0,0,0,2,0,0,0,0,0,0,0,0,2,2,0,2,0,0,2,0,0,0,0,0,2,2,0,0,0,0,0,0,2,0,2,0
ג'ואל,86,0,0,0,0,0,0,0,0,0,0,0,0,0,0,0,0,0,0,0,0,0,0,0,0,0,0,0,0,0,0,0,0,0,0,0,0,0,0,0,0,0,0,0,0,0,0,0,0,2,2,2,2,2,2,2,2,2,12,6,5,2,0,8,6,5,2,2,10,2,2,2,0,0,2
ג'ואן,55,0,0,0,0,0,0,0,0,0,0,0,0,0,0,0,0,0,0,0,0,0,0,2,0,0,0,0,0,0,0,0,0,0,2,0,0,2,0,0,2,2,2,5,2,2,0,2,2,0,2,2,2,7,2,2,2,2,0,0,5,0,2,2,2,2,2,0,2,2,0,2,2,0,0
ג'ואנא,44,0,0,0,0,0,0,0,0,0,0,0,0,0,0,0,0,0,0,0,0,0,0,0,0,0,2,0,0,0,0,0,0,0,0,0,0,0,0,2,2,0,0,0,2,0,2,2,2,0,2,2,2,2,5,6,0,2,2,0,2,2,2,2,2,2,0,0,0,0,0,2,0,0,0
ג'ואנה,120,0,0,0,0,0,0,0,0,0,0,0,0,0,0,0,0,0,0,0,0,2,0,2,0,2,0,2,2,0,0,0,0,2,2,0,2,2,2,2,5,0,5,2,6,2,7,2,6,2,2,8,5,8,5,7,2,2,2,2,2,8,2,2,0,2,0,2,0,2,2,0,0,2,2
ג'וויל,53,0,0,0,0,0,0,0,0,0,0,0,0,0,0,0,0,0,0,0,0,0,0,0,0,0,0,0,0,0,0,0,0,0,0,0,0,0,0,0,0,0,0,0,0,0,0,0,0,0,0,2,0,0,2,2,2,5,6,7,0,2,2,6,2,2,2,2,0,2,0,0,2,0,2
ג'וי,62,0,0,0,0,0,0,0,0,0,0,0,0,0,0,0,0,0,0,0,0,0,0,0,0,0,0,0,0,0,0,0,0,0,0,0,0,0,0,0,0,0,0,0,0,0,0,0,0,0,0,0,0,0,0,2,0,0,5,2,2,0,2,0,0,2,2,2,5,2,5,9,8,6,10
ג'וייל,32,0,0,0,0,0,0,0,0,0,0,0,0,0,0,0,0,0,0,0,0,0,0,0,0,0,0,0,0,0,0,0,0,0,0,0,0,0,0,0,0,0,0,0,0,0,0,0,0,0,0,2,2,2,0,2,2,2,2,2,5,2,2,0,2,2,0,2,0,0,2,2,2,0,0
ג'וייס,28,0,0,0,0,0,0,0,0,0,0,0,0,0,0,0,0,0,0,0,0,0,0,0,0,0,0,0,0,0,0,0,0,0,0,0,0,0,0,0,0,0,0,0,0,0,0,0,0,0,2,0,0,0,0,0,0,0,2,2,2,2,2,2,0,2,2,2,2,5,2,2,2,2,0
ג'ויל,94,0,0,0,0,0,0,0,0,0,0,0,0,0,0,0,0,0,0,0,0,0,0,0,0,0,0,0,0,0,0,0,0,0,0,0,0,0,0,0,0,0,0,0,0,0,0,0,0,0,0,2,0,0,0,2,2,2,2,2,2,8,7,8,6,2,8,2,9,8,2,5,2,2,2
ג'ויס,51,0,0,0,0,0,0,0,0,0,0,0,0,0,0,0,0,0,0,0,0,0,0,0,0,0,0,0,0,0,0,0,2,0,0,0,0,2,0,0,0,0,0,0,0,0,0,2,0,2,2,2,2,0,2,2,0,0,2,2,2,2,2,2,2,2,5,2,2,0,2,5,2,2,2
ג'ולי,118,0,0,0,0,0,2,0,0,0,0,2,0,0,0,0,0,0,0,0,0,0,0,0,0,0,0,0,0,0,0,0,0,0,2,0,0,2,2,0,2,2,0,2,2,0,2,2,2,2,0,2,2,2,0,2,2,0,2,7,6,2,5,2,8,5,2,8,11,11,5,2,2,2,2
ג'וליאנא,32,0,0,0,0,0,0,0,0,0,0,0,0,0,0,0,0,0,0,0,0,0,0,0,0,0,0,0,0,0,2,0,0,0,0,0,0,0,2,0,0,0,0,2,2,2,0,5,2,0,5,2,2,0,0,0,0,2,0,2,2,0,0,2,0,0,0,0,0,2,0,2,0,0,0
ג'וליאנה,88,0,0,0,2,0,0,0,0,0,0,0,0,0,0,0,0,0,0,0,0,0,0,2,0,0,0,0,2,2,2,2,0,0,0,2,2,2,2,2,2,0,2,0,2,2,2,2,12,6,2,2,5,0,2,2,2,2,2,2,2,2,2,2,2,2,0,0,2,0,2,0,2,0,2
ג'וליה,101,2,0,2,2,2,0,0,2,2,0,0,0,0,0,2,0,0,2,0,0,0,0,0,0,2,2,0,0,2,2,2,2,0,0,0,0,2,2,2,0,0,2,0,0,0,0,0,0,0,2,2,2,2,2,2,2,2,2,2,2,2,2,2,2,2,2,6,6,2,2,7,10,2,2
ג'וליית,71,2,0,2,2,2,5,2,2,2,2,2,2,2,0,0,0,2,0,0,0,2,2,0,0,2,0,0,2,0,0,0,0,0,2,0,0,0,0,0,2,2,0,2,0,0,0,0,0,2,2,2,2,0,0,2,0,2,0,2,0,2,2,2,0,2,0,0,0,0,0,0,0,0,0
ג'ולין,126,0,0,0,0,0,0,0,0,0,0,0,0,0,0,0,0,0,0,0,0,0,0,0,0,0,0,0,0,0,2,2,0,0,0,0,0,0,0,0,2,2,0,0,0,0,2,2,2,2,0,2,2,2,5,2,2,5,5,2,5,2,6,2,6,5,8,5,9,5,7,15,2,2,2
ג'ומאנה,150,0,0,0,0,2,0,0,0,0,0,0,2,2,2,2,0,2,7,2,2,5,2,2,2,2,0,2,0,9,6,2,9,5,7,2,7,9,2,5,2,2,2,2,7,2,2,2,2,2,2,2,2,0,2,0,2,0,0,0,0,2,0,0,0,0,0,0,0,0,0,0,2,0,0
ג'ורג'ית,177,5,7,6,6,2,5,2,2,2,2,2,2,2,2,2,0,2,2,2,2,2,2,2,0,0,0,0,0,2,0,2,2,2,0,2,2,0,2,2,0,2,2,2,2,0,2,2,2,2,2,2,2,2,2,0,2,2,2,0,2,2,2,2,2,2,2,0,0,2,2,0,0,2,0
ג'ורי,73,0,0,0,0,0,0,0,0,0,0,0,0,0,0,0,0,0,0,0,0,0,0,0,0,0,0,0,0,0,0,0,0,0,0,0,0,0,0,0,0,0,0,0,0,0,0,0,0,0,0,0,0,0,0,0,0,0,0,0,0,0,0,0,2,2,2,2,6,7,15,9,14,9,6
ג'זל,33,0,0,0,0,0,0,0,0,0,0,0,0,0,0,0,0,0,0,0,0,0,0,0,0,0,0,0,0,0,0,0,0,0,0,0,0,0,0,0,0,0,0,0,2,0,0,0,0,0,2,0,0,2,0,0,0,0,2,0,0,0,2,5,2,2,2,0,2,2,2,2,2,2,2
ג'יאנא,21,0,0,0,0,0,0,0,0,0,0,0,0,0,0,0,0,0,0,0,0,0,0,0,0,0,0,0,0,0,0,0,0,0,0,0,0,0,0,0,2,2,0,2,0,0,2,2,2,5,2,2,2,2,0,0,0,0,2,0,0,0,2,0,0,0,0,0,0,0,0,0,0,0,0
ג'יהאד,13,6,2,2,0,0,0,0,0,0,0,0,0,0,0,0,0,0,0,0,0,0,0,0,0,0,0,0,0,0,0,0,0,0,0,0,0,0,0,0,0,0,0,0,0,0,0,0,0,0,0,0,0,0,0,0,0,0,0,0,0,0,0,0,0,0,0,0,0,0,0,0,0,0,0
ג'יזל,56,0,0,0,0,0,0,0,0,0,0,0,0,0,0,0,0,0,0,2,0,0,0,0,0,0,2,2,0,0,2,0,2,2,0,0,0,0,0,0,2,2,0,0,0,0,2,2,0,2,0,0,2,0,2,2,2,0,0,2,2,2,2,2,5,2,2,2,0,2,2,2,0,0,0
ג'ינא,19,0,0,0,0,0,0,0,0,0,0,0,0,0,0,0,0,0,0,0,0,0,0,0,0,0,0,0,0,0,0,0,0,0,0,0,2,0,0,0,0,0,0,0,0,0,0,0,0,2,0,0,0,0,0,0,0,0,0,0,0,0,7,2,2,2,0,0,0,2,2,0,0,0,0
ג'מילה,94,2,2,2,2,2,2,2,2,2,2,2,2,2,2,2,2,2,0,0,2,2,2,2,2,2,2,2,0,2,2,0,0,0,0,0,2,2,0,2,0,2,2,2,2,0,0,0,0,2,2,0,2,2,2,0,0,2,0,0,0,2,0,2,0,0,2,0,2,0,0,0,0,0,0
ג'נא,96,0,0,0,0,0,0,0,0,0,0,0,0,0,0,0,0,0,0,2,0,0,0,0,0,0,0,0,0,0,0,0,0,0,0,0,0,0,0,0,0,2,0,2,2,0,0,0,0,2,2,5,2,5,2,2,2,5,2,2,2,2,5,9,5,6,5,5,2,2,6,5,2,2,0
ג'נאן,78,0,0,0,0,0,0,0,0,0,0,0,0,0,2,0,2,2,0,2,2,2,2,2,2,2,2,2,0,2,0,2,2,2,2,5,2,2,0,2,2,0,2,2,2,2,2,2,2,2,6,2,0,2,2,2,0,2,0,2,0,0,0,0,0,0,0,0,0,0,0,2,0,0,0
ג'סיקה,103,0,0,0,0,0,0,0,0,0,0,0,0,0,0,0,0,0,0,0,0,0,0,0,0,0,0,0,0,0,0,0,0,2,0,0,0,0,2,0,2,2,0,2,2,5,2,2,2,5,7,2,2,5,2,0,2,5,2,7,7,5,2,5,2,2,2,2,2,0,2,0,0,2,2
ג'קלין,69,2,0,0,0,0,2,0,2,2,2,0,0,2,2,2,2,7,6,0,2,2,2,2,2,2,2,2,2,0,2,2,0,2,2,2,2,0,2,0,0,2,2,0,2,0,0,0,0,2,0,0,0,0,0,0,2,2,2,0,0,0,0,0,2,2,0,0,0,0,2,0,0,0,0
גאנית,60,2,2,2,0,0,2,2,0,2,2,2,5,2,2,2,0,0,2,2,0,0,2,2,0,2,0,2,2,0,0,0,0,0,0,0,0,0,0,0,2,0,0,0,0,0,2,0,0,2,0,2,0,0,0,2,2,0,2,2,0,0,0,0,0,0,2,0,0,0,0,0,0,0,0
גדיר,81,0,0,0,0,0,0,0,0,0,0,0,0,0,0,0,0,0,0,0,0,0,0,2,2,2,2,2,2,2,0,2,0,2,2,2,2,2,2,2,2,5,2,14,2,2,6,6,2,2,2,0,0,0,2,0,0,2,0,0,0,0,0,0,0,0,0,0,0,0,0,0,0,0,0
גוליאנה,49,0,0,0,0,0,0,0,0,0,0,0,0,0,2,0,0,0,0,0,0,2,0,0,2,2,0,0,0,2,2,0,0,0,2,0,0,2,0,2,0,2,2,2,0,2,2,7,2,2,2,2,2,2,2,2,0,2,0,2,2,0,0,0,0,2,0,0,0,0,0,0,0,0,0
גולין,33,0,0,0,0,0,0,0,0,0,0,0,0,0,0,0,0,0,0,0,0,0,0,0,0,0,0,2,0,0,0,0,0,0,0,0,0,0,0,0,0,0,0,0,0,2,0,2,0,2,2,6,2,2,2,0,2,2,2,2,2,0,2,0,0,2,2,0,0,0,2,0,0,0,0
גומאנה,48,0,0,0,0,0,0,0,0,0,0,0,0,2,0,0,2,0,0,2,0,2,0,0,2,0,2,2,2,2,2,2,2,2,0,2,0,0,2,2,5,2,0,2,2,2,0,0,0,2,2,0,2,2,2,0,2,0,0,0,0,0,0,0,0,0,0,0,0,0,0,2,0,0,0
גזל,108,0,0,0,0,0,0,0,0,0,0,0,0,0,0,0,0,0,0,0,0,0,0,0,0,0,0,0,0,0,0,0,0,0,0,0,0,0,0,0,0,0,0,0,0,0,0,2,0,0,0,0,2,2,2,2,2,2,2,0,2,2,16,9,13,6,15,5,2,2,2,6,2,2,6
גידאא,200,2,2,2,2,2,5,2,9,6,6,11,9,8,8,9,7,9,10,6,6,6,2,2,5,2,5,2,8,2,2,7,2,0,0,2,2,2,2,2,2,0,0,2,0,0,2,2,0,2,2,2,0,2,0,2,2,0,0,0,0,0,2,0,2,2,2,0,0,2,0,0,0,2,2
גינא,42,0,0,0,0,0,0,0,0,0,0,0,0,0,0,0,0,0,0,0,0,0,0,0,0,0,0,0,0,0,0,0,0,0,0,0,0,0,0,0,2,0,0,0,0,0,2,0,0,0,2,0,0,0,2,0,2,0,0,2,0,0,8,2,2,5,2,0,0,5,2,2,2,2,2
גרייס,121,0,0,0,0,0,0,0,0,0,0,2,0,0,0,2,0,0,0,0,0,0,2,0,2,2,2,0,2,2,0,2,2,0,0,2,2,0,0,2,2,6,2,2,2,2,2,2,2,2,0,2,2,7,0,2,2,2,5,2,7,0,2,2,2,2,2,2,2,6,8,2,2,2,2
דארין,65,0,0,0,0,0,0,0,0,0,0,0,0,0,0,0,0,0,0,0,0,0,0,0,0,0,0,0,0,0,2,8,2,2,2,0,0,0,2,0,0,0,2,2,2,0,2,2,2,2,0,2,0,2,0,2,2,2,2,2,2,6,2,5,2,0,2,0,2,2,2,2,0,2,0
דוניא,177,2,0,0,0,0,0,0,0,2,0,0,0,2,0,0,2,0,2,0,0,0,2,2,0,0,0,2,0,2,2,2,2,2,2,2,2,5,2,7,8,6,5,2,2,2,7,12,2,2,7,6,13,12,9,8,8,2,2,2,2,5,2,2,0,2,0,2,2,2,0,0,0,2,0
דועאא,55,0,0,0,0,0,0,0,0,0,0,0,0,0,0,0,2,2,0,2,2,2,5,2,2,2,2,2,0,2,2,2,0,2,2,2,2,2,2,0,2,2,6,2,5,2,0,0,0,2,0,2,0,2,0,0,0,0,0,0,0,0,0,0,0,0,0,0,0,0,0,0,0,0,0
דורין,72,0,0,0,0,0,0,0,0,0,0,0,0,0,0,0,0,0,0,2,2,0,2,2,0,0,0,0,0,0,2,2,2,2,5,0,0,0,0,0,2,2,2,2,2,2,5,2,2,2,2,5,2,2,2,2,2,0,2,2,2,0,2,0,2,2,0,2,0,0,0,0,0,0,0
דוריס,80,0,0,0,0,0,0,0,2,0,2,0,0,0,2,2,2,2,0,2,2,2,5,2,2,2,2,2,2,2,2,2,2,2,2,2,2,2,2,2,0,2,2,2,2,2,0,2,2,2,2,0,2,0,0,0,0,0,0,2,0,0,0,0,0,0,0,0,0,0,2,0,0,0,0
דיאנה,352,2,2,2,2,2,7,2,7,15,8,8,14,11,8,7,5,8,8,12,2,2,5,2,5,2,6,5,5,8,2,2,2,2,2,2,2,5,2,2,0,2,2,6,2,2,2,6,5,7,6,6,2,2,2,9,2,2,5,5,2,0,2,2,2,2,6,2,2,2,2,2,2,2,2
דימא,230,0,0,0,0,0,0,0,0,0,0,0,0,2,0,0,0,0,0,2,0,0,0,0,2,0,2,0,2,2,2,2,2,2,0,2,2,0,2,2,2,2,2,8,6,2,2,9,8,11,10,9,5,8,13,14,23,9,6,2,6,9,2,2,2,2,2,5,5,2,2,2,2,0,2
דינא,213,0,0,0,2,2,0,0,2,2,2,2,7,2,5,2,2,7,5,2,6,2,5,2,2,2,2,5,2,2,2,2,2,2,5,5,2,2,2,2,2,6,5,2,2,6,5,7,7,7,8,2,6,2,5,5,2,0,2,2,2,2,2,2,0,2,0,0,2,2,2,2,0,2,0
דליה,113,0,0,0,0,2,0,2,0,2,2,2,2,2,9,2,7,2,7,7,5,2,2,5,2,2,2,2,2,0,0,2,2,0,2,2,0,2,2,0,2,2,2,2,2,2,2,0,2,2,2,0,2,0,0,0,2,0,0,0,2,2,2,2,0,0,2,2,0,0,0,0,2,0,0
דנה,124,0,0,0,0,0,0,0,0,0,0,0,0,0,0,0,0,0,0,0,0,0,0,0,0,0,2,0,0,0,2,0,0,0,0,0,0,2,2,2,0,2,2,2,2,2,2,7,2,5,6,2,7,2,2,5,7,2,2,2,5,5,2,2,2,5,2,7,5,5,2,2,0,2,0
דניאלה,74,0,0,0,0,2,0,0,0,0,0,0,0,0,2,0,2,0,0,0,0,0,0,2,0,0,2,0,2,2,0,0,2,2,2,2,0,2,2,2,0,0,2,0,0,0,0,2,2,5,2,2,2,2,2,2,2,0,2,2,2,2,2,0,2,2,2,2,2,2,2,0,2,2,2
האלה,220,2,7,2,2,2,5,2,2,2,2,5,6,11,10,11,9,8,8,7,7,9,8,9,9,2,2,6,2,2,2,2,0,2,2,2,2,2,0,2,2,2,2,2,0,0,2,2,0,2,2,0,0,0,2,0,2,0,2,2,2,0,0,0,0,0,2,0,0,0,0,0,0,0,2
הדיל,132,0,0,0,0,0,0,0,0,0,0,0,0,0,0,2,2,0,2,0,0,0,0,0,0,0,2,2,2,2,2,2,2,2,2,2,2,6,2,8,2,2,2,2,10,6,7,5,2,2,7,7,6,2,7,2,0,5,2,2,2,2,2,0,0,0,2,2,0,0,0,0,0,0,0
הודא,94,2,2,2,2,2,0,0,2,2,0,2,2,2,2,0,2,2,2,0,2,0,2,2,2,5,2,2,2,2,2,2,2,2,2,2,2,0,0,2,0,0,2,0,2,0,0,0,0,0,2,2,2,0,2,2,0,0,0,0,0,0,0,0,0,0,0,0,2,0,0,2,0,0,2
הונידה,21,0,0,0,0,0,0,0,0,0,0,0,0,0,0,0,0,0,0,0,0,0,0,2,7,2,2,2,2,2,2,2,0,0,0,0,0,2,0,2,2,0,0,0,0,0,0,0,2,0,0,0,0,2,0,0,0,0,0,0,0,0,0,0,0,0,0,0,0,0,0,0,0,0,0
הזאר,45,0,0,0,0,0,2,0,0,0,0,0,0,0,0,0,0,0,0,2,0,0,0,0,0,0,2,0,2,2,0,2,0,2,8,2,0,2,2,0,2,2,2,2,2,2,0,2,2,2,0,2,0,2,0,0,2,0,2,0,2,0,0,0,0,2,0,0,0,0,0,0,0,0,0
היא,77,0,0,0,0,0,0,0,0,0,0,0,0,0,0,0,0,0,0,0,0,0,0,0,0,0,0,0,2,0,0,2,0,2,2,2,2,2,2,2,0,2,2,2,2,2,5,6,2,2,2,2,9,2,5,2,2,0,0,2,0,2,2,2,0,0,0,0,0,0,0,0,0,0,0
היאם,196,2,2,2,0,2,2,5,6,11,6,6,6,7,8,11,7,5,10,9,2,5,2,0,2,2,0,2,2,2,2,2,2,2,2,2,2,2,0,0,2,0,0,0,2,0,2,0,2,0,2,2,0,0,2,0,2,2,2,0,0,0,2,0,2,2,2,2,0,2,2,0,0,2,2
היבא,273,0,0,0,0,0,0,0,0,0,0,0,0,0,0,0,0,0,0,0,0,0,0,0,0,0,0,2,0,2,2,0,5,20,5,8,9,9,9,15,19,15,26,13,13,10,13,7,7,10,6,6,5,10,2,2,2,2,2,2,2,2,2,2,2,0,2,0,2,0,0,2,0,2,0
הייא,70,0,0,0,0,0,0,0,0,0,0,0,0,0,0,0,0,0,0,0,0,0,0,0,0,0,0,0,0,0,2,2,0,0,2,2,0,0,0,2,0,2,2,0,2,2,2,5,8,2,2,2,2,2,6,2,5,2,0,2,2,2,2,0,2,2,0,2,2,0,0,0,0,0,0
היפא,109,0,2,2,2,2,2,0,2,2,2,6,2,2,2,8,2,2,5,6,5,2,2,2,2,2,2,2,2,2,2,2,2,0,2,2,0,2,0,0,0,0,0,0,2,0,0,0,0,0,0,0,0,2,0,0,2,0,0,0,0,0,0,2,2,0,0,0,2,2,0,2,0,0,0
הלא,78,0,2,0,0,2,0,0,0,2,2,0,2,0,0,0,0,2,0,0,2,0,2,0,2,2,2,0,0,2,0,2,2,2,2,2,2,2,2,2,0,2,2,2,2,2,2,2,5,2,2,2,2,2,2,0,2,2,2,2,2,2,2,0,2,2,0,0,0,2,0,2,2,0,2
הנא,168,2,0,2,2,0,0,0,0,2,2,2,2,0,2,5,2,8,14,9,5,2,2,2,0,2,6,2,2,0,2,2,2,2,2,2,6,2,2,2,2,2,2,2,2,0,0,2,2,2,2,2,2,0,0,2,0,0,0,2,0,2,2,0,2,0,0,2,2,0,2,0,2,2,0
הנאדי,31,0,0,0,0,0,0,0,0,0,0,0,0,0,0,2,0,0,0,0,0,0,0,0,0,2,0,2,2,0,0,2,0,2,2,2,2,2,0,2,2,0,0,2,2,0,5,0,0,0,2,2,0,0,2,0,0,0,0,0,0,0,0,0,0,0,0,0,0,0,0,0,0,0,0
ודאד,201,5,2,6,5,7,2,2,6,2,2,7,7,2,2,2,2,2,2,2,2,0,2,2,2,2,2,2,0,0,2,0,0,2,2,2,2,2,0,2,0,2,2,2,2,2,2,2,2,2,2,0,2,2,2,0,0,2,0,0,2,0,2,2,2,2,2,0,0,2,0,2,0,2,0
וופא,320,0,0,2,0,0,0,0,2,2,0,2,22,30,34,33,23,25,15,12,16,8,9,7,7,7,2,2,2,2,2,2,2,2,2,2,2,2,0,2,2,2,0,2,2,0,0,0,2,0,2,2,0,0,0,2,0,0,0,0,0,0,0,0,0,2,2,2,0,2,2,2,2,2,0
ויויאן,167,0,0,0,0,0,2,0,2,0,0,2,0,2,2,0,2,0,2,2,2,2,2,2,2,2,6,5,2,2,6,2,2,2,12,5,2,2,7,5,6,2,6,2,2,5,2,2,2,2,2,2,0,2,2,2,2,2,2,0,2,2,2,0,2,2,0,0,0,2,0,2,0,2,0
ויולית,103,2,2,5,8,2,2,6,2,7,7,5,0,2,2,2,2,0,0,0,2,0,2,0,2,0,2,0,0,0,2,0,2,0,0,0,0,2,0,0,0,0,0,0,0,0,0,0,2,0,0,2,0,0,2,2,0,0,0,0,0,0,2,0,0,2,0,0,0,0,0,0,0,0,2
ויקטוריה,120,2,0,0,0,2,0,2,2,2,2,2,0,2,2,2,2,2,2,2,0,2,0,2,0,2,2,2,2,2,2,2,2,2,0,2,2,0,2,0,2,2,2,0,0,0,2,2,2,2,2,2,2,2,2,2,2,2,2,2,0,0,0,2,5,2,2,2,2,2,2,2,2,2,2
ולאא,13,0,0,0,0,0,0,0,0,0,0,0,0,0,0,0,0,0,0,0,0,0,0,0,0,0,0,0,0,0,0,0,0,0,0,0,0,0,0,0,2,5,2,2,2,0,2,0,0,0,0,0,0,2,0,0,0,0,0,0,0,0,0,0,0,0,0,0,0,0,0,0,0,0,0
ורדה,124,5,2,2,2,2,2,2,2,2,2,2,2,2,5,2,2,2,0,2,2,2,2,6,0,2,2,0,2,5,2,2,2,0,0,2,2,0,2,2,2,2,2,0,0,2,2,2,0,2,2,2,2,0,2,0,0,2,2,2,0,0,0,2,0,2,0,2,0,0,2,2,0,0,0
ורוד,23,0,0,0,0,0,0,0,0,0,0,0,0,0,0,0,0,0,0,0,0,0,0,0,0,0,2,2,0,2,2,2,0,2,0,2,2,2,5,2,0,0,0,0,2,0,2,0,2,0,2,0,0,2,0,0,0,0,0,0,0,0,0,0,0,0,2,2,0,0,0,0,0,0,0
ורוניקה,58,0,0,0,0,0,0,0,0,0,0,0,0,0,0,0,0,0,0,0,0,0,0,0,0,0,0,0,0,0,0,0,0,0,0,0,2,0,2,0,0,0,0,2,0,2,2,0,2,0,2,2,2,6,2,0,2,2,2,2,2,2,2,2,2,2,2,2,2,2,2,2,0,2,0
ח'ולוד,39,0,0,0,0,0,0,0,0,0,0,0,2,0,0,0,0,0,0,0,0,0,0,0,2,2,2,2,2,2,2,2,5,2,2,2,0,0,0,2,2,2,0,2,2,0,2,2,2,0,0,0,0,0,0,0,0,0,0,0,0,0,0,0,0,0,0,0,0,0,0,0,0,0,0
חלא,278,0,0,0,2,0,0,0,0,0,0,0,0,0,0,0,0,0,0,0,0,0,0,0,2,2,0,0,0,2,2,2,2,0,2,0,2,2,2,0,2,2,2,2,2,2,2,2,2,8,2,7,9,9,8,13,9,12,11,16,16,18,24,22,15,9,7,10,6,2,6,2,2,2,2
חנאן,409,0,2,0,5,2,6,2,2,5,2,2,7,2,9,7,9,6,12,8,16,11,13,13,13,14,11,9,15,13,2,2,10,7,16,5,14,10,2,9,9,8,17,11,2,10,7,7,2,9,2,2,2,6,2,2,0,2,2,2,0,0,0,2,0,0,0,2,0,0,0,2,0,0,0
חנה,185,2,2,2,2,6,2,2,6,2,2,5,2,2,2,5,5,2,2,2,2,2,2,2,2,2,2,0,2,2,0,2,2,2,2,2,2,2,0,2,2,2,2,2,2,2,2,2,2,0,2,0,0,0,0,0,2,2,2,2,0,2,0,0,2,2,2,0,0,2,0,0,0,0,0
חנין,184,0,0,0,0,0,0,0,0,0,0,0,0,0,0,0,0,0,0,0,0,0,2,2,0,0,2,2,2,5,2,2,6,9,2,6,2,7,2,6,2,5,5,16,14,11,5,5,7,5,8,8,7,2,5,2,2,2,2,6,2,0,2,2,0,2,2,0,0,0,0,0,0,0,0
טליה,50,0,0,0,0,0,0,0,0,0,0,0,0,0,0,0,0,0,0,0,0,0,0,0,0,0,0,2,0,0,0,0,0,0,0,0,0,2,0,0,0,0,0,2,2,2,0,0,2,0,0,0,0,0,0,2,2,0,2,0,2,2,0,2,2,2,2,2,2,2,5,2,2,2,2
יארא,321,0,0,0,0,0,0,0,0,0,0,0,0,0,0,0,0,0,0,0,0,0,0,0,0,0,2,0,2,0,0,0,0,0,2,2,2,2,2,2,2,2,5,11,12,13,16,20,14,17,19,19,16,18,8,13,10,2,10,6,7,11,6,2,8,2,2,5,2,2,7,2,2,2,0
יסמין,304,2,0,2,0,0,2,2,0,2,2,2,2,2,2,2,2,2,2,2,2,2,2,2,2,2,2,2,2,2,2,2,2,2,2,2,5,8,6,7,8,5,2,5,6,7,5,7,5,2,7,6,10,5,7,10,5,2,5,2,8,9,7,6,14,2,2,2,7,7,8,2,8,7,2
יעל,38,0,0,0,0,0,0,0,0,0,0,0,0,0,0,0,0,0,0,0,0,0,0,0,2,0,0,0,0,0,0,2,2,0,2,0,2,2,2,2,0,0,2,0,0,0,2,2,2,0,0,0,2,0,2,2,0,2,0,0,0,2,2,2,5,2,2,2,2,0,2,0,0,2,0
כארול,33,0,0,0,0,0,0,0,0,0,0,0,0,2,0,0,0,0,0,0,0,0,0,0,0,0,2,2,0,2,0,2,2,0,0,0,0,0,2,0,0,0,2,0,2,0,0,0,0,2,2,2,2,2,2,0,0,6,0,0,2,2,2,2,0,0,0,0,0,0,0,0,0,0,0
כארמן,23,0,0,0,0,0,0,0,0,0,0,0,0,0,0,0,0,0,0,0,0,0,0,0,0,0,0,0,2,0,0,0,0,0,0,0,0,0,0,0,0,0,0,0,0,0,2,0,2,0,0,0,0,0,0,0,0,0,2,2,2,0,0,0,0,5,2,2,2,2,0,0,0,2,0
כאתיא,38,0,0,0,0,0,0,0,0,0,0,0,0,0,0,0,0,0,0,0,0,0,0,0,0,0,0,0,0,0,2,0,0,0,0,0,2,2,0,0,0,0,2,0,0,0,0,0,0,2,2,2,2,2,5,2,2,2,2,2,0,2,0,2,0,2,0,0,0,2,0,0,2,0,0
כמיליא,113,2,2,6,2,7,5,2,5,5,2,11,2,2,2,2,2,2,0,2,2,2,2,2,2,0,2,2,2,2,2,0,0,0,0,2,0,2,2,0,2,0,0,0,0,0,0,0,0,2,0,0,2,0,0,0,0,2,2,0,0,2,0,0,0,0,0,2,0,0,0,2,0,0,0
כמיליה,33,0,0,0,0,2,0,2,0,0,0,2,2,0,2,2,5,2,2,2,0,0,2,2,0,2,0,0,2,0,2,0,0,2,0,0,0,0,2,0,0,0,0,0,0,0,0,0,0,0,0,2,2,0,0,0,2,0,2,0,0,0,0,0,0,0,0,0,0,0,0,0,0,0,0
כריסטין,98,0,0,0,0,0,0,0,0,2,0,0,0,0,0,0,0,0,0,0,2,0,2,2,2,2,2,2,2,2,0,2,2,2,2,2,2,2,2,2,2,2,2,2,2,2,5,2,2,6,5,2,9,2,2,2,2,2,2,0,0,2,0,2,0,0,2,0,0,0,2,2,0,0,0
כריסטינה,62,0,0,0,0,0,0,0,0,0,0,0,0,2,0,0,0,0,0,2,0,0,0,2,0,0,0,0,0,0,2,2,0,2,2,0,2,0,2,0,0,0,0,2,2,2,2,0,2,2,2,0,2,2,6,2,2,2,2,2,2,2,0,2,2,2,2,0,2,2,2,2,0,2,2
כריסתין,114,2,0,0,0,0,0,2,0,0,0,0,0,0,0,0,0,0,2,0,0,2,2,2,2,2,2,2,2,2,2,0,0,2,2,2,2,2,7,5,2,8,2,7,2,5,8,5,2,2,2,2,0,0,2,2,2,0,2,0,2,0,2,0,0,0,2,2,0,0,0,0,0,0,0
לאנה,29,0,0,0,0,0,0,0,0,0,0,0,2,0,0,0,0,0,0,0,0,0,2,0,0,0,0,0,0,0,0,0,2,0,0,0,0,0,0,0,2,0,0,0,0,0,0,2,0,0,2,2,0,0,2,2,0,2,0,2,0,2,2,0,0,2,2,2,2,0,2,5,0,2,2
לארא,205,0,0,0,0,0,0,0,0,0,0,0,0,0,0,0,0,0,0,0,0,0,0,0,0,0,2,2,0,0,2,0,0,2,2,2,2,2,2,2,2,2,5,2,2,2,2,2,7,2,2,2,2,12,9,6,2,2,5,2,7,2,9,6,13,2,2,14,8,5,8,6,2,7,8
לארין,84,0,0,0,0,0,0,0,0,0,0,0,0,0,0,0,0,0,0,0,0,0,0,0,0,0,0,0,0,0,0,0,0,0,0,0,0,0,0,2,0,2,0,2,2,2,2,2,2,2,2,2,2,2,6,5,8,2,0,2,2,2,2,2,2,2,5,2,2,2,2,2,2,2,0
לובנה,206,0,0,0,0,0,0,0,0,0,0,0,0,0,0,2,2,2,7,5,5,2,12,11,15,11,7,5,27,8,12,11,8,2,5,2,2,2,2,0,2,5,2,2,2,2,7,2,2,2,0,2,2,0,0,0,0,0,0,0,2,0,0,0,0,0,0,0,0,0,0,0,0,0,0
לולו,48,0,0,2,0,0,0,2,0,0,2,2,2,0,2,5,2,2,2,0,2,0,0,0,0,2,0,0,0,0,2,2,0,2,0,0,0,0,2,0,2,0,2,0,2,0,0,0,2,0,2,0,2,0,0,0,0,0,0,0,0,0,0,0,0,2,2,0,2,0,0,0,0,0,0
לונא,262,0,0,2,0,0,0,0,0,2,0,0,2,0,0,0,0,0,0,2,0,0,6,0,2,2,2,2,2,0,0,2,2,2,2,0,2,2,2,2,2,2,2,8,2,2,2,2,2,8,6,6,10,10,8,2,10,2,2,11,9,7,6,10,6,7,8,12,6,13,6,5,2,8,9
לור,188,0,0,0,0,0,0,0,0,2,2,2,2,2,2,0,0,0,0,0,0,0,0,0,0,0,0,0,2,2,0,0,0,2,2,0,0,0,0,0,2,0,2,2,2,2,0,2,2,2,2,2,2,2,9,2,2,2,6,2,2,7,2,2,8,9,11,17,8,15,9,11,11,7,9
לורד,137,0,0,0,0,0,0,0,0,0,0,0,0,0,0,0,0,0,0,0,0,0,0,0,0,0,0,0,0,0,0,2,0,0,0,0,0,0,0,0,2,0,0,0,0,0,0,0,0,0,2,0,2,0,2,2,5,2,6,7,7,8,8,9,12,6,7,9,8,8,6,2,6,2,2
לורין,142,0,0,0,0,0,2,0,0,0,0,0,0,0,0,0,0,0,0,0,0,2,0,0,0,0,0,2,2,0,0,2,2,2,2,2,2,2,2,2,2,2,5,2,5,2,9,10,5,5,7,5,7,7,2,2,2,2,2,2,2,2,2,2,5,2,6,2,2,2,2,0,2,2,0
לוריס,142,2,2,2,6,2,2,0,2,2,2,2,0,2,2,2,2,2,2,0,2,2,2,0,2,2,0,0,0,0,2,2,0,2,2,0,2,0,2,2,2,0,2,2,2,2,0,2,2,0,2,2,2,0,2,0,2,2,2,2,0,0,0,0,0,0,0,2,0,2,0,0,0,0,2
לורן,80,0,0,0,0,0,0,0,0,0,0,0,0,0,0,0,0,0,0,0,0,0,0,2,0,0,0,0,0,0,0,0,0,0,0,0,2,0,2,2,0,0,2,2,2,2,2,2,2,2,7,2,2,2,2,2,2,2,2,2,2,2,2,2,2,2,2,2,2,2,2,2,2,2,2
ליא,68,0,2,0,2,2,0,2,2,0,2,2,0,0,2,0,2,2,2,0,0,0,2,2,0,0,0,0,0,2,0,0,0,2,0,2,0,2,0,0,2,0,0,0,0,2,0,2,2,0,0,0,0,0,2,0,0,0,2,0,0,2,2,2,2,0,2,2,0,2,2,5,2,7,6
ליאל,80,0,0,0,0,0,0,0,0,0,0,0,0,0,0,0,0,0,0,0,0,0,0,0,0,0,0,0,2,0,0,0,0,0,2,2,0,0,2,0,0,0,2,0,2,0,0,0,2,0,0,2,2,2,2,0,2,2,2,2,2,2,2,2,2,7,2,7,0,2,2,5,0,2,2
ליאן,455,0,0,0,0,0,0,0,0,0,0,0,0,0,0,0,0,0,2,0,0,0,0,0,0,0,0,0,0,0,0,0,0,0,2,0,2,2,0,2,0,0,2,2,2,2,2,5,2,12,14,10,13,9,24,24,36,14,18,28,25,11,19,20,18,13,23,22,11,13,17,10,6,12,9
ליה,66,0,0,0,0,0,0,0,0,0,0,0,0,0,0,0,0,0,0,0,0,0,0,0,0,0,0,0,2,0,0,0,0,0,2,0,0,0,2,2,0,0,0,0,0,0,0,0,0,2,0,0,0,0,0,0,0,0,2,0,2,2,2,2,0,2,2,2,2,2,2,6,13,11,7
לילה,450,19,2,14,5,10,7,11,18,10,5,11,13,2,7,9,6,5,2,9,2,2,2,2,2,2,5,2,2,2,7,2,2,2,0,2,2,2,5,2,2,2,2,2,2,2,2,6,2,7,5,2,2,2,6,2,6,2,2,2,2,2,2,2,2,2,2,5,2,2,6,2,2,2,2
לילי,97,0,0,0,2,2,2,2,0,2,2,2,2,6,2,2,2,2,2,2,2,2,0,2,2,2,2,0,2,2,2,0,2,0,0,0,2,2,2,0,2,0,0,2,2,2,2,2,2,2,2,2,0,0,2,2,0,0,0,0,0,2,2,2,2,0,2,2,2,0,2,2,0,2,2
ליליאן,220,0,0,2,0,0,0,2,2,2,2,0,0,2,2,2,2,2,2,2,2,2,2,2,2,2,2,2,2,5,2,6,5,2,2,2,2,7,7,2,6,6,2,2,7,2,5,2,5,9,17,7,7,10,12,2,2,6,2,2,2,2,2,0,2,2,0,2,2,0,2,2,0,0,0
לים,55,0,0,0,0,0,0,0,0,0,0,0,0,0,0,0,0,0,0,0,0,0,0,0,0,0,0,0,0,0,0,0,0,2,2,0,0,2,0,0,0,0,2,0,2,0,0,2,0,2,2,0,2,2,0,0,2,0,2,0,0,0,2,2,2,2,2,2,2,5,6,2,5,6,2
לין,273,0,0,0,0,0,0,0,0,0,0,0,0,0,0,0,0,0,0,0,0,0,0,0,0,0,0,0,0,0,2,0,0,0,0,2,0,2,2,0,0,0,0,2,2,2,2,0,2,2,2,2,9,8,2,9,5,7,8,7,9,8,6,9,7,11,11,13,7,21,16,27,18,19,17
לינא,438,0,0,0,2,0,0,0,0,2,0,0,5,0,2,2,2,2,2,6,2,6,5,9,11,13,17,21,24,18,16,12,12,8,12,7,10,5,11,12,10,16,10,8,13,10,13,9,10,9,7,6,9,7,7,2,2,2,2,5,2,2,2,2,2,2,2,0,2,0,0,2,2,2,2
לינדה,142,0,2,0,0,0,6,2,2,2,0,2,2,2,2,2,2,2,2,2,2,5,2,2,5,8,2,2,2,2,5,2,8,6,2,2,2,2,2,0,0,2,0,2,2,2,2,2,0,2,0,2,2,2,2,0,2,2,0,2,2,0,2,2,2,2,2,0,2,2,0,2,2,2,2
למא,155,0,0,0,0,0,0,0,0,0,0,0,0,0,0,2,0,0,2,0,0,0,0,0,0,2,2,0,2,0,2,2,0,0,0,2,2,0,2,2,5,2,6,7,2,8,2,6,7,7,5,2,5,2,5,2,10,6,2,5,2,2,2,2,2,2,2,2,2,2,2,2,2,2,2
למאר,171,0,0,0,0,0,0,0,0,0,0,0,0,0,0,0,0,0,0,0,0,0,0,0,0,0,0,0,0,0,0,0,0,0,0,0,0,2,0,0,0,2,2,0,0,0,2,2,2,2,2,2,2,2,2,2,2,2,10,13,21,14,9,10,13,5,10,6,6,2,7,2,2,2,2
לנא,281,0,0,0,0,0,0,0,0,0,0,0,0,0,0,0,0,2,2,0,2,2,2,2,0,2,0,2,2,2,2,2,2,2,2,2,2,6,2,2,2,2,5,8,6,10,7,2,13,9,5,10,14,10,11,7,9,2,9,7,2,5,2,6,6,7,5,6,10,7,2,2,6,5,9
לרין,65,0,0,0,0,0,0,0,0,0,0,0,0,0,0,0,0,0,0,0,0,0,0,0,0,0,0,0,0,0,0,0,0,0,0,0,0,0,0,0,0,0,0,0,2,2,6,2,2,2,2,5,2,2,2,2,2,2,2,2,0,2,2,2,2,2,0,2,2,0,2,0,0,2,2
מאג'דה,67,2,0,2,0,0,0,2,0,0,0,2,2,2,2,2,2,2,5,2,7,2,5,6,2,2,2,2,2,0,0,0,2,0,2,2,0,0,2,2,2,0,0,0,0,2,0,0,0,0,0,0,0,0,0,0,0,0,0,0,0,0,0,0,0,0,2,2,0,0,0,0,0,0,0
מאי,173,2,2,2,2,2,2,2,2,2,0,6,2,2,2,2,2,2,2,0,2,2,2,2,0,0,2,2,2,2,2,0,2,2,2,2,2,2,2,2,0,2,6,2,2,2,2,2,2,5,2,6,5,2,2,2,2,5,5,2,2,2,2,2,2,2,2,2,0,2,2,2,0,2,2
מאיה,518,0,0,0,0,0,0,0,0,2,2,0,0,0,0,0,2,2,0,2,0,0,0,0,2,0,2,0,2,0,2,2,2,2,2,5,2,5,2,2,2,2,2,2,2,2,2,2,5,2,6,13,15,19,15,19,29,13,17,46,20,19,26,15,18,21,16,23,19,17,15,14,16,14,10
מארי,580,13,9,9,7,15,12,10,10,8,2,2,8,12,5,9,9,10,12,6,9,7,6,8,7,8,9,8,5,2,2,2,2,6,2,5,10,2,2,2,5,2,5,5,12,0,2,5,5,2,8,6,2,7,7,2,2,2,2,2,5,2,2,2,2,5,2,2,6,5,2,2,2,2,2
מאריתא,16,0,0,0,0,0,0,0,0,0,0,0,0,0,0,0,0,0,0,0,0,0,0,0,0,0,0,0,0,0,0,0,0,0,0,0,0,0,0,0,0,0,0,0,0,0,0,0,0,0,0,0,0,0,0,0,0,0,0,0,0,0,0,0,0,0,0,2,2,2,2,5,2,2,2
מדונה,25,0,0,0,0,0,0,0,0,0,0,0,0,0,0,0,0,0,0,0,0,0,0,0,0,0,0,0,0,0,0,0,0,0,0,0,2,0,2,2,2,2,5,2,2,2,2,2,0,0,2,0,0,0,0,0,0,0,0,0,0,0,0,0,0,0,0,0,0,0,0,0,0,0,0
מהא,294,0,0,2,2,2,2,5,2,6,14,7,6,14,7,5,11,2,6,7,8,10,9,10,13,5,6,7,2,2,7,6,2,0,7,2,2,2,2,7,2,2,6,2,2,2,2,2,2,2,2,0,2,0,0,2,0,2,2,0,2,2,2,0,0,0,2,0,2,2,2,2,2,0,0
מונא,495,2,0,0,0,5,2,2,2,2,2,8,2,2,14,13,7,15,17,12,9,8,10,11,9,13,11,7,10,10,7,10,15,12,9,15,9,14,24,11,15,5,12,8,13,2,9,5,11,2,7,2,8,7,2,2,2,2,2,0,2,0,2,2,0,2,2,2,2,2,2,2,0,0,2
מונירה,76,0,0,2,2,2,2,2,5,2,2,2,2,2,2,2,2,2,2,2,2,2,2,0,0,0,0,2,0,0,0,0,0,0,0,0,2,2,2,0,0,0,2,0,0,0,0,0,0,0,2,0,2,0,0,2,0,0,0,0,0,0,0,0,0,0,0,0,2,0,2,2,0,0,0
מיאדה,44,0,0,0,0,0,0,0,0,0,0,0,0,0,2,2,0,0,0,2,0,2,0,2,0,2,2,0,2,2,0,2,2,2,0,2,2,2,2,5,2,2,2,2,0,0,2,0,2,2,0,2,0,0,0,0,0,0,0,0,0,0,0,0,0,0,0,0,0,0,0,0,0,0,0
מיאר,66,0,0,0,0,0,0,0,0,0,0,0,0,0,0,0,0,0,0,0,0,0,0,0,0,0,0,0,0,0,0,0,0,0,0,0,0,0,0,0,0,0,0,0,0,0,0,0,2,0,2,2,2,2,2,2,5,2,5,2,2,7,2,6,2,2,2,0,2,2,2,2,2,0,0
מייס,133,0,0,0,0,0,0,0,0,0,0,0,0,0,0,0,0,0,0,0,0,0,0,0,0,0,0,0,2,0,0,0,0,0,0,0,0,0,2,0,0,2,2,0,0,2,0,0,2,2,2,5,5,2,9,7,6,7,2,9,11,2,2,9,2,2,2,6,2,2,2,7,2,2,2
מייסא,45,0,0,0,0,0,0,0,0,0,0,0,0,0,0,0,0,0,0,0,0,0,0,2,2,0,2,0,2,0,2,0,2,0,2,2,2,0,5,0,2,6,2,0,2,2,2,2,0,2,0,2,2,2,0,0,0,0,0,0,0,0,0,0,0,0,0,0,0,0,0,0,0,0,0
מייסון,81,0,0,0,0,0,0,0,0,0,2,2,2,2,2,0,0,0,2,2,6,2,8,5,5,8,2,5,2,0,2,2,2,2,0,2,2,0,0,0,2,2,2,2,2,0,0,0,0,0,0,2,0,0,0,0,0,0,0,0,2,0,0,0,0,0,0,0,0,0,0,0,0,0,0
מילא,149,0,0,0,0,0,0,0,0,0,0,0,0,0,0,0,0,0,0,0,0,0,0,0,0,0,0,0,0,0,0,0,0,0,0,0,0,0,0,0,0,0,0,0,0,0,0,0,0,0,0,0,0,0,0,0,0,0,0,0,0,0,0,2,5,8,14,12,13,19,13,19,18,8,17
מילה,34,0,0,0,0,0,0,0,0,0,0,0,0,0,0,0,0,0,0,0,0,0,0,0,0,0,0,0,0,0,0,0,0,0,0,0,0,0,0,0,0,0,0,0,0,0,0,0,0,0,0,0,0,0,0,0,0,0,0,0,0,0,0,2,0,2,5,2,2,2,2,2,2,2,2
מיסא,78,0,0,0,0,0,0,0,0,0,0,0,0,0,0,0,0,0,0,0,0,2,2,2,0,0,2,5,2,6,2,2,0,2,2,5,2,2,5,2,2,2,2,2,2,2,2,2,2,2,0,2,2,2,0,0,0,2,0,2,0,0,0,0,0,0,0,0,0,0,0,2,0,0,0
מיסאא,31,0,0,0,0,0,0,0,0,0,0,0,0,0,0,0,0,0,0,0,0,0,0,0,0,0,0,0,0,2,0,0,2,2,2,2,2,0,2,0,2,2,5,2,2,2,0,2,2,2,0,0,0,2,2,0,0,0,0,0,0,0,0,0,0,0,0,0,0,0,0,0,0,0,0
מירא,300,2,0,0,0,0,0,0,0,2,2,2,0,2,2,0,0,0,0,0,2,2,2,0,2,2,0,0,2,2,2,0,0,2,0,14,7,2,6,2,2,2,8,5,6,2,6,10,7,9,6,7,2,6,8,8,9,11,11,10,6,9,5,7,8,8,11,8,9,5,6,7,8,6,5
מיראל,242,0,0,0,0,0,0,0,0,0,0,0,0,0,0,0,0,0,0,0,0,0,0,0,0,2,0,0,0,2,0,0,0,0,0,0,2,2,0,0,2,2,0,0,0,0,2,0,2,2,2,2,2,2,5,6,5,7,7,5,17,16,24,23,14,16,9,8,13,11,6,7,6,2,9
מירבת,44,0,0,0,0,0,0,0,0,0,0,0,0,0,0,0,0,0,2,2,2,2,2,5,5,2,10,2,2,2,2,0,2,0,2,0,0,0,0,0,0,0,0,0,0,0,0,0,0,0,0,2,0,0,0,0,0,0,0,0,0,0,0,0,0,0,0,0,0,0,0,0,0,0,0
מירי,89,0,0,0,0,0,2,0,0,0,0,0,0,0,0,2,0,2,0,2,0,2,0,0,2,2,0,0,0,2,2,2,2,2,2,0,2,2,2,2,0,2,2,2,0,2,2,2,2,2,5,2,2,6,5,2,2,2,2,2,2,2,0,2,2,0,2,2,2,2,0,0,0,0,0
מיריל,145,0,0,0,0,0,0,0,0,0,0,0,0,0,0,0,0,0,0,0,0,0,0,0,0,0,0,0,0,0,0,0,0,0,2,0,0,0,0,0,0,0,0,2,0,0,2,2,2,2,2,2,2,2,5,9,6,6,5,6,5,10,9,2,7,8,9,9,7,9,2,2,2,0,2
מירנא,168,0,0,0,0,0,0,0,0,0,0,0,0,0,0,0,0,0,0,0,0,2,0,0,2,0,2,2,2,2,0,0,0,2,0,0,2,0,2,2,12,8,2,2,7,7,7,6,6,5,2,8,12,2,7,9,6,2,5,7,2,2,2,7,2,0,0,2,0,2,0,0,2,0,0
מירנה,100,0,0,0,0,0,0,0,0,0,0,0,0,0,0,0,0,0,2,0,0,0,0,2,0,0,0,0,0,0,2,0,0,0,0,0,2,0,2,2,6,2,5,2,2,5,7,7,6,2,2,6,2,5,2,2,2,2,2,2,0,2,2,2,2,2,2,2,0,2,0,0,0,0,2
מלאק,211,0,0,0,0,0,2,0,0,0,0,0,0,2,0,0,0,0,0,0,0,0,0,2,0,0,0,0,2,2,0,0,2,2,0,0,0,0,0,2,0,2,2,2,2,2,0,2,0,2,2,5,2,6,2,2,5,8,8,2,6,8,13,13,11,16,5,12,11,10,9,7,5,9,2
מליסה,49,0,0,0,0,0,0,0,0,0,0,0,0,0,0,0,0,0,0,0,0,0,0,0,0,0,0,0,0,0,0,0,0,0,0,0,0,0,0,0,0,2,0,0,0,0,0,0,2,0,0,0,0,0,0,2,2,2,2,2,2,2,2,2,2,2,5,2,2,5,0,2,2,2,2
מנאל,362,0,0,2,0,0,0,0,0,0,0,0,0,0,0,2,0,2,2,5,10,11,13,16,21,26,30,13,10,19,31,22,15,12,14,5,7,7,2,11,7,9,6,5,2,2,2,2,2,5,2,0,0,0,0,0,0,0,0,0,0,0,0,2,0,2,0,0,0,0,0,0,0,0,2
מנאר,137,0,0,0,0,0,0,0,0,0,0,0,0,0,2,0,0,2,2,2,2,0,0,2,2,2,2,2,2,2,0,2,6,2,6,7,10,9,2,7,9,11,8,5,6,6,5,2,6,2,2,2,0,2,2,2,0,0,0,0,0,2,2,0,0,0,0,0,0,0,0,0,0,0,0
מראם,133,0,0,0,0,0,0,0,0,0,0,0,0,0,0,0,0,0,0,0,0,0,0,0,0,0,2,0,2,2,2,0,0,0,2,2,5,2,2,0,2,2,2,6,14,12,8,6,11,7,2,5,2,2,2,6,2,0,2,2,0,2,2,2,2,0,0,2,2,0,2,0,0,0,0
מרווה,128,0,0,0,0,0,0,0,0,0,0,0,0,0,0,0,0,0,0,0,0,0,2,0,0,0,0,0,0,0,0,0,0,0,2,2,2,11,26,8,9,9,10,9,7,6,2,5,2,5,2,2,2,2,0,0,0,2,0,2,2,0,0,0,0,2,0,0,0,0,0,0,0,0,0
מרוות,106,0,0,0,0,0,0,0,2,0,0,0,0,0,2,2,2,2,0,0,2,6,2,9,9,10,9,5,9,2,2,2,2,2,2,2,2,2,5,2,2,2,2,0,2,0,2,2,0,0,0,2,0,0,0,0,0,0,0,0,0,0,0,0,0,0,0,0,0,0,0,0,0,0,0
מרח,77,0,0,0,0,0,0,0,0,0,0,0,0,0,0,0,0,0,0,0,0,0,0,0,0,0,0,0,0,0,0,0,0,0,0,0,0,0,0,0,0,0,0,0,0,0,2,2,6,10,7,7,9,2,5,2,2,2,2,2,2,0,0,0,2,2,2,2,0,2,0,0,0,0,0
מרי,266,2,2,2,2,2,2,2,2,2,2,0,2,2,6,5,2,2,2,6,2,2,2,2,5,2,2,5,7,2,6,2,5,5,2,2,8,2,6,6,5,6,9,2,2,2,5,5,2,2,2,2,2,2,2,2,2,2,2,0,0,2,5,2,2,0,2,2,2,2,0,2,2,2,0
מריאן,237,0,0,0,0,0,0,0,0,0,0,0,2,0,0,0,0,0,0,0,0,0,0,2,2,0,2,2,2,2,2,2,0,2,0,0,2,2,2,2,2,2,6,6,6,2,2,5,2,9,2,5,2,27,29,17,16,16,10,2,2,6,6,5,2,2,2,6,2,2,0,2,2,2,2
מריאנה,321,0,0,0,2,0,0,0,0,2,2,0,0,0,0,2,0,0,2,2,0,0,0,0,0,2,0,2,2,2,2,2,2,5,2,6,7,2,2,13,17,2,8,14,22,21,10,14,14,25,18,12,10,14,6,5,6,2,2,2,2,7,0,2,2,2,2,2,0,2,2,2,2,0,0
מריה,"1,048",2,0,0,0,0,0,0,2,0,2,0,2,2,2,2,2,2,0,0,2,2,2,2,0,2,2,2,2,0,2,2,2,5,5,6,2,2,7,7,8,6,10,13,16,16,16,21,20,23,41,37,42,38,40,34,36,46,29,39,26,25,26,36,36,34,37,28,26,28,30,32,31,21,17
מרים,739,7,2,13,8,6,10,8,2,7,2,9,10,7,6,7,14,6,6,9,9,11,7,5,2,14,2,5,6,11,8,8,2,13,9,6,9,10,2,6,16,5,12,7,12,17,16,12,9,9,11,9,11,12,9,6,10,6,11,11,14,6,9,5,11,13,2,18,12,18,9,2,8,2,9
מרלין,152,0,0,0,0,2,0,2,0,0,8,5,2,2,2,2,2,7,0,2,2,2,2,2,2,2,2,7,2,5,2,2,6,0,2,2,2,2,2,2,2,2,8,2,2,2,2,2,2,2,0,0,2,2,2,2,0,2,0,0,0,0,0,2,0,2,2,0,2,2,0,0,2,0,0
מרסיל,52,2,0,2,2,2,2,2,0,2,2,6,2,2,2,2,0,0,0,2,2,0,0,2,0,0,0,0,0,2,2,2,0,0,2,0,0,0,0,0,0,0,0,2,2,0,0,2,0,0,2,0,0,2,0,0,0,2,0,0,0,0,0,0,0,0,0,0,0,0,0,2,2,0,2
נאדיא,153,5,2,2,2,2,8,6,0,2,2,2,8,2,0,2,2,5,2,2,7,6,5,2,2,2,2,0,2,2,0,0,2,0,0,0,0,0,0,0,0,2,2,2,0,2,0,0,0,2,0,2,2,0,2,0,0,2,0,0,2,0,0,0,0,0,0,0,0,2,2,0,0,0,0
נאדיה,298,5,7,9,8,11,2,7,5,11,10,10,8,9,8,2,2,2,2,2,2,6,2,2,2,2,2,0,2,2,2,2,2,0,2,2,2,2,2,2,2,0,2,2,2,0,2,2,2,2,2,2,2,2,2,0,2,0,2,2,0,2,2,2,2,2,6,0,0,2,2,0,2,0,2
נאדרה,145,2,0,2,7,2,0,2,10,2,8,7,6,9,8,2,2,2,7,2,2,2,2,2,2,2,2,2,2,2,2,2,2,0,0,0,2,2,2,0,0,0,0,0,0,2,0,2,0,0,0,2,2,2,2,2,2,0,2,0,0,0,2,2,0,0,0,2,0,0,0,0,2,0,0
נאהד,37,0,0,0,0,0,0,0,0,0,0,0,0,0,0,0,0,2,0,0,2,2,2,5,0,2,0,2,2,7,2,2,2,2,2,0,2,2,0,2,0,0,2,2,0,0,2,0,0,0,0,0,0,0,0,0,0,2,0,0,0,0,0,0,0,0,0,0,0,0,0,0,0,0,0
נאהדה,60,2,2,2,0,2,2,2,2,2,2,2,5,2,2,2,2,2,2,2,2,2,2,2,0,0,0,2,2,2,2,2,0,0,0,0,0,0,0,0,0,0,0,0,0,0,0,0,0,2,0,0,0,0,0,0,0,0,0,0,0,0,0,2,0,2,0,0,0,0,0,2,0,0,0
נאי,40,0,0,0,0,0,0,0,0,0,0,0,0,0,0,0,0,0,0,0,0,0,0,0,0,0,0,0,0,0,0,2,0,0,0,0,0,0,0,0,0,0,0,2,0,0,0,0,0,0,0,2,0,0,2,0,0,0,0,2,0,0,0,0,0,0,2,2,6,2,2,12,2,2,2
נאיא,86,0,0,0,0,0,0,0,0,0,0,0,0,0,0,0,0,0,0,0,0,0,0,0,0,0,0,0,0,0,0,0,0,0,0,0,0,0,0,2,0,0,0,0,0,0,0,0,0,0,0,0,0,2,0,2,0,0,0,2,2,0,0,0,2,2,6,13,6,6,11,10,5,10,11
נאיה,71,0,0,0,0,0,0,0,0,0,0,0,0,0,0,0,0,0,0,0,0,0,0,0,0,0,0,0,0,0,0,0,0,0,0,0,0,0,0,0,0,0,0,0,0,0,0,2,0,0,0,0,2,0,0,0,0,2,0,0,2,0,0,0,0,2,2,7,11,6,10,10,7,7,6
נאילה,126,2,0,2,2,2,2,6,2,2,2,2,2,2,2,2,2,2,2,2,8,5,7,2,6,7,2,2,2,0,2,2,2,0,2,0,2,0,2,2,2,2,2,0,0,2,0,0,2,0,0,0,0,0,0,0,0,0,0,0,0,0,0,0,0,2,0,0,0,0,2,0,0,0,0
נאנסי,182,0,0,0,0,0,0,0,0,0,0,0,0,0,0,0,0,0,0,2,0,0,0,0,2,2,2,6,2,2,2,0,7,8,6,2,2,9,6,13,7,7,9,2,5,5,2,5,2,2,7,5,2,2,2,2,2,7,5,2,2,2,2,2,2,0,2,2,0,2,0,2,0,0,0
נבאל,42,0,0,0,0,0,0,0,0,0,2,0,0,0,0,0,2,2,2,2,2,6,2,2,2,2,2,2,2,0,0,0,2,0,0,0,0,2,0,0,0,0,0,0,0,2,0,2,0,0,0,0,0,0,2,0,0,0,0,0,0,0,0,0,0,0,0,2,0,0,0,2,0,2,0
נבילה,182,5,2,2,10,7,6,2,11,5,13,6,5,8,2,11,6,5,6,5,2,2,2,2,2,2,2,2,2,0,0,2,2,0,2,2,2,0,2,0,0,0,0,0,0,0,0,0,0,0,2,0,0,0,2,0,0,0,0,0,0,2,2,0,2,0,0,0,0,0,0,0,0,2,2
נג'את,77,2,0,2,2,2,2,0,2,2,2,2,7,2,2,2,6,0,5,2,2,0,2,0,0,0,2,0,0,2,0,2,2,0,2,2,2,0,0,0,0,0,0,0,0,0,0,2,2,0,0,2,0,0,0,0,0,0,0,0,0,0,0,2,0,0,2,0,0,2,2,0,2,0,0
נג'ואן,47,0,0,0,0,0,0,0,0,0,0,0,0,0,0,0,0,0,0,0,0,0,0,0,0,0,2,0,0,2,0,0,0,2,2,2,2,5,5,5,2,2,2,2,2,2,2,2,0,2,2,0,0,0,0,0,2,0,0,0,0,0,0,0,0,0,0,0,0,0,0,0,0,0,0
נג'וד,11,0,0,0,0,0,0,0,0,0,0,0,0,0,0,0,0,0,0,0,0,0,2,2,0,0,5,2,0,0,0,0,0,0,0,0,0,0,0,0,2,0,0,0,0,0,0,0,0,0,2,0,0,0,0,0,0,0,0,0,0,0,0,0,0,0,0,0,0,0,0,0,0,0,0
נגאת,21,0,0,2,0,0,0,0,0,2,0,0,2,0,2,0,0,2,5,0,0,0,0,0,2,0,0,0,0,0,0,0,0,0,0,0,0,0,0,0,2,0,0,0,0,2,0,2,2,0,0,0,0,0,0,0,0,0,0,0,0,0,0,0,0,0,0,0,0,0,0,0,0,0,0
נגם,87,0,0,0,0,0,0,0,0,0,0,0,0,0,0,0,0,0,0,0,0,0,0,0,2,0,2,0,2,2,0,0,0,2,2,2,2,2,2,2,2,2,6,2,2,6,2,2,8,5,2,2,5,2,0,2,5,2,2,2,2,2,2,2,0,2,0,0,0,0,2,0,0,0,0
נדא,97,0,2,0,0,0,2,0,2,2,2,0,2,2,2,2,0,2,0,0,2,0,0,2,0,2,2,0,2,0,2,0,2,0,2,2,2,2,2,2,0,2,2,2,0,0,5,2,0,2,2,2,2,2,2,2,2,2,0,2,2,2,2,2,2,2,2,2,0,0,2,5,2,2,2
נדין,320,0,0,0,0,0,0,0,0,0,0,0,0,0,0,0,2,2,0,0,0,0,0,0,0,0,2,2,2,2,0,2,2,2,2,2,7,5,2,2,7,2,11,12,9,19,13,19,14,18,18,11,15,17,16,7,7,7,10,6,6,5,6,2,7,2,2,2,2,0,2,2,2,2,0
נהאי,63,0,0,2,0,2,2,2,2,2,2,2,5,2,2,2,0,2,0,2,2,2,2,0,2,0,2,0,0,0,0,0,0,0,0,0,0,2,0,2,2,0,0,2,2,2,2,0,0,0,0,0,0,0,0,0,0,0,0,0,0,2,0,0,0,0,0,2,0,2,0,0,0,0,0
נואל,279,11,2,2,7,6,6,5,14,7,2,8,7,14,8,12,8,7,5,5,2,5,5,6,2,2,2,2,2,2,0,2,0,0,0,0,2,2,2,0,0,0,0,2,0,0,2,2,2,0,2,2,2,2,2,0,2,2,2,0,2,2,0,2,0,2,2,2,2,2,2,2,0,2,2
נוהא,221,2,2,2,2,7,8,5,6,2,5,2,2,5,5,5,5,7,6,2,2,2,2,2,5,6,2,2,2,2,2,2,2,2,2,2,0,2,0,2,0,2,2,2,0,0,2,0,2,2,2,2,2,2,2,2,2,2,2,2,0,2,2,2,0,2,2,0,0,2,0,0,0,2,2
נוהאד,72,2,2,2,2,2,0,2,6,2,2,2,2,2,2,2,2,2,2,2,2,2,2,0,2,2,0,2,0,0,2,2,0,0,0,0,0,0,0,0,2,0,0,0,2,0,0,0,0,0,0,0,0,0,0,0,2,0,0,2,2,0,0,0,0,0,2,0,0,0,0,2,0,0,0
נור,302,2,0,0,0,0,0,2,0,0,2,0,2,0,0,0,0,0,0,0,2,0,0,0,0,2,0,0,0,2,0,2,2,0,0,2,2,2,2,2,2,2,2,2,2,2,6,13,8,5,10,13,11,6,9,5,8,6,15,10,9,8,6,15,13,14,5,10,11,7,8,2,11,6,7
נורה,143,2,0,0,0,0,2,0,2,0,2,0,2,2,0,0,2,2,2,0,0,2,0,0,0,2,0,0,0,2,2,2,2,2,2,0,2,2,5,5,7,2,2,2,6,2,2,2,2,6,2,2,2,2,2,2,7,7,0,2,2,0,2,0,2,2,2,2,0,2,2,2,2,2,2
נטלי,394,0,0,0,0,0,0,0,0,0,0,0,0,0,0,0,0,0,0,0,0,2,0,2,2,0,2,0,0,2,2,2,2,0,2,2,0,9,6,5,11,7,5,5,7,6,15,13,6,18,12,23,12,19,10,15,11,2,17,9,9,7,11,10,14,14,10,11,19,7,7,5,2,2,2
ניבאל,94,0,0,2,2,2,0,0,2,0,0,2,2,2,2,2,2,2,5,7,2,5,2,2,7,2,6,6,2,0,2,2,2,2,0,2,0,0,2,2,2,0,2,2,0,2,0,0,2,0,0,2,0,0,2,2,0,2,0,0,0,0,0,0,0,0,0,2,0,2,0,0,0,0,0
ניבין,190,0,0,0,0,0,0,0,0,0,0,0,0,0,0,0,0,0,0,0,0,0,0,0,0,0,2,2,2,2,5,7,26,11,10,14,15,16,15,8,6,7,5,6,2,5,2,2,2,2,0,0,2,0,2,2,2,0,2,0,0,0,0,0,0,0,0,0,0,0,0,0,0,0,0
ניהאל,9,0,0,0,0,0,0,0,0,0,0,0,0,0,0,0,0,2,0,0,0,0,2,0,0,0,0,0,0,0,2,0,0,0,0,0,5,0,0,0,0,0,0,2,0,0,0,0,0,0,0,0,0,0,0,0,0,0,0,0,0,0,0,0,0,0,0,0,0,0,0,0,0,0,0
ניווין,22,0,0,0,0,0,0,0,0,0,0,0,0,0,0,0,0,0,0,0,0,0,0,0,2,0,0,0,0,0,0,2,2,6,2,2,2,0,2,2,2,0,2,0,0,0,0,0,2,2,0,0,0,2,0,0,2,0,0,0,0,0,0,0,0,0,0,0,0,0,0,0,0,0,0
ניוין,29,0,0,0,0,0,0,0,0,0,0,0,0,0,0,0,0,0,0,0,0,0,0,0,0,2,2,0,0,2,2,2,7,5,2,2,2,2,2,0,0,0,0,0,0,0,0,0,0,2,2,0,0,0,0,0,0,0,0,0,0,2,0,0,0,0,0,0,0,0,0,0,0,0,0
ניסרין,55,0,0,0,0,0,0,0,0,0,0,2,0,0,0,0,0,2,0,2,2,6,2,2,2,2,0,2,0,7,0,2,0,6,2,0,2,2,5,2,0,2,0,2,0,0,0,0,0,0,0,2,0,0,0,0,0,0,0,0,0,0,0,0,0,0,0,0,0,0,0,0,0,0,0
ניקול,290,0,0,0,0,0,0,0,0,0,0,0,0,0,0,0,0,0,0,0,0,0,0,0,0,0,0,0,0,0,0,0,0,0,0,2,0,2,0,0,0,0,2,2,2,2,2,2,6,7,10,11,11,12,21,19,18,20,22,11,14,15,13,9,7,6,6,8,5,10,2,2,2,0,2
נסרין,350,0,0,0,0,0,0,0,0,0,2,0,0,2,2,2,2,2,2,2,2,8,5,6,2,7,8,9,14,47,24,25,15,16,17,13,10,17,11,9,9,12,2,8,2,5,2,9,2,0,2,2,0,2,2,2,0,0,0,0,0,0,0,2,0,0,0,2,0,0,0,0,0,0,2
נרדין,136,0,0,0,0,0,0,0,0,0,0,0,0,0,0,0,0,0,0,0,0,0,0,0,0,0,0,2,0,2,0,0,0,2,0,2,2,2,2,2,2,7,5,9,8,12,6,9,12,5,5,2,6,2,2,2,2,2,2,2,0,2,0,0,2,0,0,2,0,2,2,0,0,0,0
נרימאן,87,0,0,0,0,2,0,2,0,0,2,0,2,0,2,0,2,2,2,0,2,2,5,0,2,2,2,2,2,5,2,2,2,2,2,2,2,2,0,2,2,2,2,2,2,5,0,2,2,2,2,2,0,0,0,0,2,0,0,0,2,2,0,0,0,0,0,0,0,0,2,0,0,0,0
נרמין,229,0,0,0,0,0,0,2,0,0,2,0,0,0,2,2,2,2,2,2,2,9,2,2,2,2,2,2,2,5,2,2,0,2,2,2,2,2,5,7,7,11,13,9,2,13,11,13,13,10,7,2,7,6,2,2,2,2,2,2,2,0,6,2,2,2,0,2,0,0,0,2,2,2,2
נתאלי,125,0,0,0,0,0,0,0,0,0,0,0,0,0,0,0,0,0,0,0,0,0,0,2,0,2,0,0,0,2,2,0,0,2,0,0,2,2,2,2,2,0,2,0,2,2,2,8,2,6,8,9,7,2,7,11,6,0,2,8,2,2,2,2,2,2,0,2,2,2,2,0,0,2,2
נתלי,57,0,0,0,0,0,0,0,0,0,0,0,0,0,0,0,0,0,0,0,0,0,2,0,0,0,0,0,0,0,0,2,0,0,0,0,0,0,2,2,0,2,0,0,0,2,2,0,2,2,2,2,2,2,2,0,2,2,2,0,2,7,6,2,2,2,2,0,2,0,2,0,0,2,0
סאוסן,216,0,0,2,0,0,0,0,0,2,2,10,2,14,17,9,17,2,8,9,13,7,5,12,8,5,5,5,2,2,5,7,2,6,5,0,2,0,2,0,2,2,2,2,2,2,0,2,0,0,0,2,2,2,0,2,0,0,0,0,0,0,0,0,0,0,0,2,2,2,0,2,0,2,0
סאלי,198,0,0,0,0,0,0,0,0,0,0,0,0,2,0,0,0,0,0,0,0,0,0,0,0,0,0,0,2,0,0,0,0,2,2,0,0,0,0,0,2,2,6,14,14,7,8,13,11,17,5,13,7,5,6,7,2,2,6,2,8,7,5,2,0,2,2,2,2,2,0,0,2,0,0
סאמיה,257,2,2,8,11,5,5,2,2,6,7,8,5,11,21,6,7,8,7,9,15,5,2,2,5,9,2,2,2,5,2,2,2,6,2,0,0,2,0,0,2,0,0,2,2,0,0,2,0,2,2,2,0,0,0,2,0,0,2,0,0,2,2,2,0,2,0,0,2,0,2,2,0,2,2
סאנדי,65,0,0,0,0,0,0,0,0,0,0,0,0,0,0,0,0,0,0,0,0,0,0,0,0,0,0,0,2,0,0,2,2,0,0,0,2,2,2,2,0,2,2,2,0,2,2,2,2,0,2,2,2,2,2,2,2,2,0,5,0,5,2,2,0,2,2,2,0,2,0,0,0,2,0
סארה,48,0,0,0,2,2,0,2,0,0,2,2,2,0,5,2,2,0,2,2,0,2,2,0,2,0,2,2,0,0,0,0,0,0,0,0,0,0,0,2,0,2,0,0,0,0,0,2,0,2,0,0,0,2,0,0,2,2,2,0,0,0,0,2,2,2,2,0,0,0,2,2,0,2,0
סברין,44,0,0,0,0,0,0,0,0,0,0,0,0,0,0,0,0,0,0,0,0,2,0,0,0,0,0,2,2,2,0,0,2,2,2,2,2,2,2,2,2,2,5,2,2,2,2,2,2,0,0,0,0,0,0,0,0,0,0,0,0,0,0,0,0,0,0,0,0,0,0,0,0,0,0
סואר,107,0,0,0,0,0,0,0,0,0,0,0,0,0,0,0,0,0,0,0,0,0,0,0,0,0,2,2,2,2,2,2,2,2,2,2,2,2,0,0,2,2,2,2,11,8,12,9,2,2,2,7,2,2,2,2,2,5,0,0,0,2,0,0,2,2,0,0,0,0,0,0,0,0,0
סוהא,203,0,0,0,2,0,2,0,0,2,0,2,2,2,2,2,2,2,6,0,2,2,15,16,16,8,7,16,8,8,6,7,2,5,2,7,2,2,6,2,2,5,2,2,7,2,2,2,2,2,2,0,2,0,0,2,0,0,2,2,2,2,0,0,0,0,2,0,0,2,0,0,0,0,0
סוהאד,69,0,0,0,2,2,0,0,2,2,0,2,0,2,2,2,0,2,2,2,2,2,2,2,5,7,2,2,2,0,2,2,2,2,2,0,2,2,0,2,0,0,2,2,0,2,0,2,0,0,0,0,0,0,0,0,0,0,0,0,0,2,0,0,0,0,0,2,0,2,0,0,0,0,0
סוהיילה,90,2,2,6,2,2,2,2,2,2,7,2,2,2,2,2,0,0,2,0,2,0,0,0,0,0,0,0,2,0,0,0,0,0,0,0,0,0,0,0,0,2,0,2,0,0,2,0,0,0,0,0,0,0,2,0,0,0,0,0,0,2,0,0,0,0,2,0,0,0,0,0,0,0,0
סוהייר,132,0,0,0,0,2,0,2,0,2,0,2,2,2,2,6,2,2,5,10,6,7,15,2,7,6,2,6,2,2,2,2,2,2,2,2,0,0,5,2,2,2,2,0,0,2,0,2,0,0,0,0,0,0,0,0,0,0,0,0,0,0,0,0,0,0,0,0,2,0,0,0,0,0,0
סוהילה,178,2,7,8,8,8,2,2,5,2,5,6,2,2,2,9,2,2,7,6,2,2,2,2,2,2,2,0,2,0,0,2,0,0,0,0,0,0,0,0,0,2,0,2,0,2,2,2,2,2,2,2,0,2,2,0,0,2,2,0,0,2,0,2,0,2,0,2,0,2,0,2,0,0,0
סוהיר,179,0,0,0,0,2,0,2,0,2,0,2,0,2,0,0,2,11,10,11,7,7,6,2,8,7,5,5,2,5,2,9,12,2,2,2,6,5,7,7,6,2,2,2,2,2,0,2,0,0,2,0,2,0,0,0,0,0,0,0,0,0,0,0,0,0,0,2,0,0,0,0,2,0,0
סוזאן,330,0,0,0,2,2,2,2,0,0,2,0,2,2,2,6,6,7,2,9,5,10,11,9,6,10,6,8,9,10,9,16,11,11,10,7,2,10,7,7,7,9,9,8,11,9,2,7,2,6,8,5,2,0,2,2,0,2,2,2,2,0,0,0,2,0,0,2,2,2,2,0,0,0,0
סול,54,0,0,0,0,0,0,0,0,0,0,0,0,0,0,0,0,0,0,0,0,0,0,0,0,0,0,0,0,0,0,0,0,0,0,0,0,0,0,0,0,0,0,0,2,0,2,0,0,0,0,2,0,2,2,2,0,0,2,0,2,2,0,2,2,2,2,2,2,2,2,7,6,6,2
סומיה,84,0,2,2,2,0,2,2,2,2,2,2,2,2,0,2,2,0,0,2,2,0,0,2,0,0,0,0,2,0,2,0,0,0,0,0,0,0,0,0,0,2,0,0,2,0,0,0,2,0,2,0,0,0,0,2,0,2,2,0,2,0,0,0,2,0,0,0,2,2,0,0,0,2,0
סוניה,84,0,0,0,0,0,2,2,2,2,0,0,2,2,2,2,2,2,2,2,2,2,7,2,6,8,2,2,2,2,2,0,2,0,2,2,0,0,2,0,0,2,0,0,0,0,2,0,0,2,0,0,0,2,0,0,0,0,0,0,0,0,0,2,0,0,0,0,0,0,0,2,0,2,0
סועאד,306,5,5,10,8,8,13,2,13,13,5,5,8,2,2,2,2,2,2,2,5,5,2,0,2,2,2,2,2,2,2,0,2,2,2,2,2,2,2,2,2,2,2,2,2,2,2,2,2,2,0,2,2,2,2,2,2,2,2,0,2,2,2,2,2,2,2,2,2,0,2,0,2,0,0
סופיה,107,0,0,0,0,2,0,0,2,2,0,0,2,2,0,0,2,2,0,0,2,2,2,0,2,2,2,2,0,2,0,2,0,0,2,0,0,2,0,0,0,0,0,2,0,2,2,0,2,2,0,0,2,0,2,2,0,2,2,2,2,2,0,2,2,5,2,10,6,5,7,2,2,8,5
סחר,195,0,0,2,0,0,0,2,0,0,0,0,2,2,0,2,5,2,2,6,2,6,9,2,2,7,6,9,5,11,2,2,2,9,2,6,2,7,8,7,8,6,2,6,7,7,2,2,0,2,0,2,2,2,0,0,0,0,0,0,0,0,0,0,0,0,0,0,0,0,2,0,2,0,0
סטפני,59,0,0,0,0,0,0,0,0,0,0,0,2,0,0,0,0,0,0,0,0,0,0,0,0,0,0,0,0,2,0,0,0,0,2,0,2,0,2,0,2,2,2,2,2,2,2,2,2,2,2,2,2,2,2,2,2,2,2,0,0,2,0,2,0,5,0,2,2,2,2,2,2,2,2
סיהאם,286,6,5,12,11,13,6,2,16,11,9,11,2,6,8,2,6,7,6,2,2,5,2,2,2,2,0,0,0,0,2,2,2,2,2,0,2,2,0,0,2,0,2,2,0,2,2,2,2,2,2,2,2,2,2,0,2,2,2,0,2,0,2,2,2,0,0,2,2,2,0,0,0,2,2
סילא,27,0,2,0,0,0,0,0,0,0,0,0,0,0,0,0,0,0,0,0,0,0,0,0,0,0,0,0,0,0,0,0,0,0,0,0,0,0,0,0,0,0,0,0,0,0,0,0,0,0,0,0,0,0,0,0,0,0,0,2,0,0,0,0,7,0,2,2,2,2,2,0,2,2,2
סילין,272,0,0,0,0,0,0,0,0,0,0,0,0,0,0,0,0,0,0,0,0,0,2,0,0,0,0,0,0,0,0,0,0,0,0,0,0,0,0,0,0,0,0,0,2,2,0,0,2,0,2,2,5,2,2,5,12,5,9,11,13,11,14,15,34,17,17,7,11,10,14,11,11,15,8
סילינא,43,0,0,0,0,0,0,0,0,0,0,0,0,0,0,0,0,0,0,0,0,0,0,0,0,0,0,0,0,0,0,0,0,0,0,0,0,0,0,0,0,0,0,0,0,0,0,2,0,2,0,2,2,2,2,2,2,2,2,2,2,2,0,2,5,2,2,0,2,2,2,5,2,0,0
סילינה,36,0,0,0,0,0,0,0,0,0,0,0,0,0,0,0,0,0,0,0,0,0,0,2,0,0,0,0,0,0,0,0,0,0,0,0,0,0,0,0,2,0,0,0,0,0,2,0,0,0,0,0,0,0,0,2,2,0,0,2,2,0,2,0,0,2,2,5,2,6,2,2,2,2,0
סירין,124,0,0,0,0,0,0,0,0,0,0,0,0,0,0,0,0,0,0,0,0,0,2,0,2,0,2,2,2,2,0,2,2,2,2,2,0,0,2,7,2,5,2,5,2,8,6,2,2,2,2,2,2,2,2,2,5,0,2,2,5,2,2,2,5,5,2,2,0,0,0,0,2,2,0
סלאם,111,2,0,2,2,0,2,2,2,2,2,0,2,2,2,2,2,0,2,2,8,2,2,0,7,2,2,2,2,2,2,2,2,2,0,2,0,2,2,0,2,2,0,2,2,2,2,2,2,0,2,0,2,2,2,0,0,2,0,2,2,0,2,0,2,0,0,0,0,0,0,2,0,0,0
סלוא,154,5,6,2,2,2,2,2,2,2,7,2,2,7,5,2,2,2,2,2,2,2,2,2,2,2,2,2,0,0,0,2,0,2,0,2,2,2,2,2,2,2,2,2,2,2,2,2,2,0,2,2,2,0,0,2,2,2,2,0,0,0,2,2,0,2,0,2,2,0,0,2,0,0,2
סלמה,58,0,0,2,2,2,0,0,2,0,0,0,0,0,2,0,5,2,0,0,2,0,0,0,0,0,2,0,0,2,2,2,2,0,2,2,2,0,0,2,0,2,2,2,2,0,0,2,0,0,0,0,0,0,0,0,0,0,2,0,0,2,2,2,0,2,0,2,0,2,2,2,2,0,2
סמא,267,0,0,0,0,0,0,0,0,0,0,0,0,0,0,0,0,0,0,0,0,0,0,0,0,0,2,0,0,0,0,2,0,2,0,2,0,2,0,0,0,2,2,2,2,2,2,2,2,2,2,5,2,2,6,10,9,6,11,8,13,12,2,5,11,7,10,18,13,7,10,17,13,16,25
סמאהר,45,0,0,0,0,0,0,0,0,0,0,0,0,0,0,0,0,0,0,0,0,0,0,2,2,2,2,2,7,9,2,2,2,2,0,2,0,0,0,2,0,2,0,0,0,0,2,0,0,0,0,0,0,0,0,0,0,0,0,0,0,0,0,0,0,0,0,0,0,0,0,0,0,0,0
סמאח,74,0,0,0,0,0,0,0,0,0,0,0,0,0,2,0,0,0,0,0,0,0,0,0,0,2,0,2,2,9,2,2,5,5,6,2,2,0,0,0,2,2,5,2,2,2,2,2,2,2,2,0,2,0,2,2,0,0,2,0,0,0,0,2,0,0,0,0,0,0,0,0,0,0,0
סמירה,438,14,9,6,7,2,15,6,12,12,10,11,17,7,12,10,2,9,10,2,5,8,5,5,2,5,2,2,2,0,2,2,2,2,2,2,0,2,2,2,2,2,2,2,2,2,2,0,2,6,2,2,7,2,0,2,2,2,2,2,2,2,2,2,2,0,0,0,0,2,0,2,0,0,2
סמר,322,0,0,0,0,0,0,0,0,0,2,0,2,0,5,2,2,2,2,7,6,2,2,6,8,7,2,10,18,10,6,5,2,7,7,9,11,8,11,17,12,8,10,5,10,13,7,7,6,9,2,2,8,8,2,5,2,0,2,2,2,2,2,2,0,0,2,0,2,2,0,2,0,2,0
סנא,381,0,0,0,0,0,2,2,6,6,10,6,10,15,19,26,23,29,21,16,11,13,14,9,7,9,14,6,9,2,2,10,2,2,2,6,2,2,5,2,5,2,2,2,2,2,2,2,2,0,2,2,2,2,2,0,2,2,2,2,2,2,2,2,2,2,2,2,2,2,0,2,0,2,2
סנדי,45,0,0,0,0,0,0,0,0,0,0,0,0,0,0,0,0,0,0,2,0,0,0,0,0,0,0,0,0,0,0,0,0,0,0,2,2,2,2,0,2,2,5,2,2,2,0,2,2,0,2,2,2,2,0,0,2,0,2,0,2,2,0,0,0,2,0,0,0,0,0,0,0,0,2
סנדרה,69,0,0,0,0,0,0,0,0,0,0,0,0,0,0,2,0,0,2,0,2,0,0,2,0,2,0,0,0,0,2,0,0,2,0,0,0,0,2,2,2,2,2,2,2,0,5,2,2,2,2,5,0,2,2,2,2,2,0,2,2,2,2,2,2,2,2,0,2,0,2,0,0,2,2
ספא,105,0,0,0,2,0,2,0,0,0,0,0,0,2,2,0,2,2,7,8,2,2,6,5,5,2,7,5,2,2,2,2,2,2,2,2,0,2,2,2,2,2,2,2,0,2,0,0,0,2,0,0,0,0,0,2,0,0,0,0,0,0,0,0,0,0,2,0,0,0,0,2,0,0,0
עאידה,303,2,5,17,14,11,5,5,2,9,12,5,8,7,10,6,7,2,2,2,6,6,2,2,5,2,2,0,2,2,0,2,2,2,2,2,2,2,0,0,0,2,2,0,0,2,2,2,2,0,2,2,2,0,2,0,2,2,2,2,2,2,2,0,2,2,2,2,2,0,0,0,0,0,0
עביר,464,0,0,0,0,2,0,0,0,0,0,2,2,2,2,5,7,11,12,14,14,15,14,13,16,17,16,17,32,9,11,15,10,5,13,17,21,14,12,19,11,8,17,7,13,10,7,8,2,2,2,2,2,0,6,2,2,0,0,0,0,0,0,0,0,0,2,0,0,0,0,2,0,2,2
עבלא,52,5,2,2,2,2,0,6,2,0,0,0,2,0,2,0,2,2,0,2,2,0,2,2,2,0,0,0,0,2,0,0,0,0,0,0,0,0,0,0,0,0,0,0,0,0,0,0,0,0,0,0,0,0,2,0,0,0,0,0,0,0,0,0,0,0,0,0,0,0,0,0,0,0,0
עבלה,112,2,2,2,2,2,5,2,2,2,2,2,2,2,0,2,0,2,0,2,2,2,2,2,0,0,0,2,0,0,2,2,0,0,2,2,0,2,0,2,2,0,2,2,2,0,0,0,2,0,2,0,2,0,0,2,0,0,0,0,0,0,2,0,0,0,0,0,0,0,0,0,0,0,0
עדן,95,0,0,0,0,0,0,0,0,0,0,0,0,0,0,0,0,0,0,0,0,0,0,0,0,0,0,0,0,0,0,0,0,0,0,0,0,0,0,0,0,0,0,0,0,0,0,2,0,2,2,7,6,2,5,2,5,2,5,5,6,8,2,2,2,5,2,2,2,2,2,2,2,2,0
עואטף,36,0,0,2,2,2,2,0,2,2,0,0,2,5,2,2,2,0,2,0,0,0,0,2,0,0,0,0,0,0,0,0,0,0,0,0,0,0,0,0,0,0,0,0,0,0,0,0,0,0,0,0,0,0,0,0,0,2,0,0,0,0,0,0,0,0,0,0,0,0,0,0,0,0,0
עולא,211,0,0,0,0,0,0,0,0,0,2,0,0,0,0,0,0,2,2,2,2,2,2,2,2,2,8,5,6,6,31,14,8,15,8,2,8,2,7,2,2,8,2,11,9,2,2,5,2,5,5,2,2,0,2,0,2,0,0,0,0,0,0,2,0,0,0,0,2,0,0,0,0,0,0
עיטאף,29,0,0,0,2,2,0,2,2,2,5,2,2,0,0,0,0,0,2,0,2,0,2,0,2,0,0,0,0,0,0,0,0,0,0,0,0,0,0,0,0,0,0,0,0,0,0,0,0,0,0,0,0,0,0,0,0,0,0,0,0,0,0,0,0,0,0,0,0,0,0,0,2,0,0
עפאף,248,7,2,8,12,10,9,13,8,2,8,2,9,5,8,6,5,2,2,2,2,2,2,2,0,0,2,2,0,0,2,0,2,2,0,2,2,2,2,2,2,2,0,2,2,0,2,0,2,0,2,2,2,2,0,2,2,0,0,2,0,0,2,2,0,0,0,2,0,0,0,2,0,0,0
עפיפה,75,2,2,5,2,2,2,2,2,0,2,0,0,2,2,2,0,2,2,2,2,0,0,0,2,2,2,2,0,0,0,0,0,2,2,0,0,2,2,0,0,0,0,0,2,0,0,0,2,0,2,0,0,0,0,0,0,0,0,2,0,0,0,2,2,0,0,0,0,0,0,0,0,0,0
ערין,257,0,0,0,0,0,0,0,0,0,0,0,0,0,0,2,0,0,0,2,2,2,6,2,11,2,10,6,8,10,2,11,12,13,5,5,8,8,11,8,19,11,8,2,11,9,9,6,8,5,2,5,2,2,2,2,2,2,0,0,0,0,0,0,0,0,0,0,0,0,0,0,0,0,0
פאדיה,162,2,0,2,2,2,2,0,8,2,6,6,2,2,2,7,7,6,7,9,6,5,7,5,2,5,2,5,2,0,2,2,6,2,2,5,2,2,2,2,2,2,2,2,0,0,0,0,0,0,0,0,0,0,0,0,0,0,0,2,0,0,2,0,2,0,0,0,2,0,2,0,0,0,0
פאתן,148,0,0,0,0,0,0,0,0,0,2,2,2,8,0,8,5,2,2,5,2,2,6,12,2,5,6,5,2,2,5,6,6,5,2,0,6,2,2,2,2,2,2,2,2,2,0,2,2,0,0,2,2,2,0,0,0,0,0,2,0,0,0,2,0,2,2,0,0,0,0,0,2,0,0
פאתנה,196,0,2,0,2,2,2,2,5,2,6,2,9,9,17,14,10,12,2,7,12,8,8,6,5,2,5,2,2,6,2,2,2,2,2,2,2,0,2,2,0,2,0,0,0,0,0,0,0,2,0,0,0,0,0,2,0,0,0,0,0,0,2,0,0,0,2,2,0,0,2,2,0,2,0
פירוז,120,2,2,2,2,2,2,2,2,2,2,2,2,0,0,2,2,2,0,2,2,2,2,2,0,2,2,2,0,2,2,2,2,6,2,2,2,0,2,2,2,2,2,2,2,0,5,2,2,2,2,0,2,0,0,2,0,0,0,2,2,2,0,0,0,2,0,0,0,0,0,0,0,0,0
פיריאל,43,0,0,2,0,0,0,0,0,0,2,0,0,2,2,2,2,5,2,2,2,2,2,2,0,2,2,2,2,0,0,0,0,0,0,0,0,0,0,0,0,0,0,0,0,0,0,0,0,0,0,0,0,0,0,0,0,0,0,0,0,0,0,0,0,0,0,0,0,0,0,0,0,0,0
פריאל,115,2,2,2,5,2,2,2,2,2,2,2,2,2,2,7,2,6,2,2,2,2,6,5,2,0,2,2,2,0,2,0,0,0,2,0,0,2,0,0,0,0,2,0,0,0,0,0,0,0,0,0,0,0,0,2,0,2,0,2,2,2,0,2,2,2,0,0,2,2,0,0,0,0,0
פרידה,114,2,0,0,0,2,5,2,2,2,6,7,2,2,5,0,2,0,0,2,2,2,2,2,2,2,2,2,0,2,2,2,2,0,0,2,2,2,2,2,0,0,2,2,2,0,0,2,2,2,2,0,0,0,2,2,0,0,0,0,0,0,2,0,0,2,2,0,2,2,0,0,0,0,0
פרלה,31,0,0,0,0,0,0,0,0,0,0,0,0,0,0,0,0,0,0,0,0,0,0,0,0,0,0,0,0,0,0,0,0,0,0,0,0,0,0,0,0,0,0,0,0,0,0,0,0,0,2,0,2,2,0,2,5,2,2,2,2,0,2,0,2,2,0,0,2,0,0,2,0,2,2
קארין,128,0,0,0,0,0,0,0,0,0,0,0,0,0,0,0,0,0,0,0,0,0,0,0,0,0,0,0,2,2,2,0,0,2,0,2,0,0,0,2,2,2,2,2,0,2,2,2,2,2,2,8,2,6,9,13,8,8,2,2,6,2,2,2,2,2,2,2,2,2,2,0,2,2,2
קטיה,46,0,0,0,0,0,0,0,0,0,0,0,0,0,0,0,0,0,0,0,0,0,2,0,0,0,0,0,0,0,0,0,0,0,0,0,0,0,0,0,0,0,0,2,2,2,0,2,0,5,2,2,2,0,2,0,2,5,0,2,2,2,2,2,0,2,0,2,0,2,2,0,0,2,0
קטליה,11,0,0,0,0,0,0,0,0,0,0,0,0,0,0,0,0,0,0,0,0,0,0,0,0,0,0,0,0,0,0,0,0,0,0,0,0,0,0,0,0,0,0,0,0,0,0,0,0,0,0,0,0,0,0,0,0,0,0,0,0,0,0,0,0,2,2,2,0,2,2,0,0,5,2
קטרין,63,0,0,0,0,0,0,0,0,0,2,2,0,0,0,0,2,2,0,0,2,0,0,2,2,0,2,0,2,2,0,0,0,2,2,2,0,2,2,2,2,2,2,2,0,0,2,2,2,2,2,6,2,2,2,2,2,2,0,2,0,2,0,2,2,0,2,0,0,0,0,0,0,0,0
קרול,95,0,0,0,0,0,0,0,0,0,0,0,0,0,2,0,0,0,2,0,0,0,2,0,2,0,0,0,2,0,0,2,2,0,0,0,0,2,0,0,0,0,0,0,2,0,0,2,0,2,2,2,2,8,2,2,2,8,9,7,8,2,2,2,5,2,2,2,2,2,2,2,2,0,2
קרולין,129,0,0,0,0,0,0,0,0,0,0,0,0,0,0,0,0,2,0,0,0,2,2,2,2,2,2,2,6,2,6,5,8,2,2,5,2,2,2,0,6,2,7,2,2,2,2,2,6,2,5,2,2,2,2,2,2,2,2,2,2,0,0,0,0,2,0,0,0,2,0,0,2,2,0
קרין,122,0,0,0,0,0,0,0,0,0,0,0,0,0,0,0,0,0,0,0,0,0,0,0,0,0,0,0,0,0,0,0,2,0,2,0,2,2,2,2,2,2,0,2,2,0,0,2,7,5,2,0,6,6,2,12,7,7,9,2,5,5,6,2,5,2,2,2,2,2,2,2,0,0,0
קריסטין,170,0,0,0,0,0,0,0,0,0,0,0,0,0,0,0,0,0,0,0,2,0,2,2,2,2,2,0,5,2,2,2,5,2,8,6,7,2,5,5,5,8,7,5,5,6,5,5,8,2,6,8,2,9,2,2,2,2,0,2,2,2,0,2,2,0,0,0,2,2,2,0,0,0,0
קריסטינה,88,0,0,0,0,0,0,0,0,0,2,0,0,0,0,0,0,0,2,0,0,0,0,0,2,0,2,0,2,2,2,2,0,0,0,0,2,0,0,0,2,2,2,7,2,2,2,2,2,2,2,2,0,2,2,2,2,2,2,2,0,5,2,5,2,0,0,2,2,2,2,0,0,0,0
קתרין,106,0,0,0,0,0,0,0,0,0,0,0,0,0,0,0,0,0,0,0,0,0,2,0,0,2,2,0,0,2,2,2,2,2,2,2,2,2,0,2,2,2,5,2,2,2,2,2,2,8,2,2,2,7,2,2,5,2,2,2,2,2,0,2,2,2,2,2,2,2,2,0,2,0,0
קתרינה,47,0,0,0,0,0,0,0,0,0,0,0,0,0,0,0,0,0,0,0,0,0,0,0,0,0,0,0,0,0,0,0,2,2,0,0,0,2,2,0,2,0,0,2,0,2,2,0,0,2,0,2,2,2,2,0,0,2,2,2,2,2,2,0,5,2,2,2,0,2,2,2,2,2,2
ראגדה,45,0,0,0,0,0,2,2,2,2,2,0,0,2,2,2,2,2,0,6,2,2,0,0,0,0,2,0,2,2,0,2,0,0,0,0,0,2,2,2,2,2,2,2,2,2,2,0,2,0,0,0,0,0,0,0,0,0,0,0,0,0,0,0,0,0,0,0,0,0,0,0,0,0,0
ראודה,41,2,0,0,0,2,2,0,2,0,2,0,0,2,2,2,2,2,2,0,5,0,2,2,2,2,2,2,2,2,0,2,0,2,0,0,0,0,2,0,0,2,0,0,2,0,2,0,0,0,0,0,0,0,0,0,0,0,0,0,0,0,0,0,0,0,0,0,0,0,0,0,0,0,0
ראויה,131,0,0,2,2,0,2,2,2,2,2,2,2,2,5,5,7,5,5,2,0,7,6,10,8,12,2,2,2,6,2,5,2,2,2,2,2,2,0,2,2,2,2,0,0,0,0,0,0,0,0,0,2,0,0,0,0,0,0,0,0,0,0,0,0,0,2,0,0,0,0,0,0,0,0
ראידה,79,2,0,2,0,0,0,0,2,2,0,2,2,2,2,2,7,9,6,5,7,2,0,2,2,2,0,0,2,0,0,2,0,0,2,2,0,0,0,0,2,0,0,0,0,0,2,0,0,0,2,0,2,0,0,0,0,0,0,0,0,0,0,0,0,0,0,2,0,0,0,0,0,0,2
ראנה,82,0,0,0,2,0,2,0,2,0,0,2,0,2,2,2,2,2,2,0,2,2,2,0,2,2,2,2,2,0,2,5,2,2,2,2,2,2,8,5,5,2,2,2,2,2,0,2,0,2,2,0,0,0,0,2,0,2,0,0,0,2,0,0,0,0,0,0,0,0,0,0,0,0,0
ראניה,309,0,0,0,0,0,0,0,0,0,0,0,0,0,2,0,0,0,0,2,2,2,2,2,2,7,57,34,22,26,11,12,17,18,8,9,8,9,2,2,2,2,2,2,5,2,7,0,5,2,5,2,2,2,2,0,2,0,2,0,0,0,0,0,0,0,0,0,0,0,0,0,0,0,0
ראנייה,22,0,0,0,0,0,0,0,0,0,0,0,0,0,0,0,0,0,2,0,0,2,0,0,0,0,6,6,2,0,2,2,0,2,2,0,0,0,0,0,0,0,0,0,0,0,0,0,0,0,0,0,0,0,0,0,0,0,0,0,0,0,0,0,0,0,0,0,0,0,0,0,0,0,0
רבאב,50,0,0,0,0,0,0,0,0,2,0,0,0,0,0,2,0,0,0,0,2,0,2,2,2,8,5,2,2,2,2,0,2,2,2,2,2,0,2,0,2,2,2,2,0,2,0,0,0,0,0,0,0,0,0,0,0,0,0,0,0,0,0,0,0,0,0,0,0,0,0,0,0,0,0
רגד,61,0,0,0,0,0,0,0,0,0,0,0,0,0,0,0,0,0,0,0,2,0,0,0,0,0,0,0,0,0,0,0,2,0,0,0,0,0,0,0,2,2,2,2,2,2,2,5,0,2,2,2,2,2,2,5,2,2,2,2,2,2,2,0,2,0,0,0,2,2,0,0,0,0,0
רגדה,30,0,0,0,0,0,0,0,0,0,0,0,0,0,0,0,0,0,2,0,0,0,0,0,0,0,0,0,0,0,0,0,0,0,0,0,0,0,0,5,2,2,2,5,2,0,5,2,0,2,2,0,0,0,0,2,0,0,0,0,0,0,0,0,0,0,0,0,0,0,0,0,0,0,0
רהאם,145,0,0,0,0,0,0,0,0,0,0,0,0,0,2,0,2,0,0,0,2,0,0,0,2,0,2,0,2,2,2,2,2,0,2,2,2,2,0,0,17,18,22,15,11,8,10,9,2,2,2,2,0,2,2,0,2,0,0,0,0,0,0,0,0,0,0,2,0,0,0,0,0,0,0
רואן,254,0,0,0,0,0,0,0,0,0,0,0,0,0,0,0,0,0,0,0,0,0,0,0,0,0,0,2,2,0,0,2,5,2,2,2,2,5,6,9,9,10,24,27,15,19,18,20,16,5,9,7,9,2,5,7,2,0,2,2,2,2,2,0,2,2,2,0,0,2,0,0,0,0,0
רובה,155,0,0,0,0,0,0,0,0,0,0,0,0,0,0,2,0,0,0,0,2,0,0,0,2,2,2,2,2,2,2,8,6,7,7,6,2,2,2,8,5,2,5,2,2,2,8,12,2,5,2,8,5,6,2,2,2,2,2,2,0,2,0,0,0,0,0,0,0,0,0,0,0,0,0
רודינה,104,2,0,2,2,2,2,7,6,7,6,8,2,2,2,2,2,2,2,5,2,2,2,2,0,0,2,2,0,2,2,2,0,0,0,0,0,0,0,0,0,0,0,0,2,0,0,2,0,0,0,0,0,0,0,0,2,2,0,0,2,0,0,0,0,0,2,2,2,0,2,2,0,0,0
רוואן,28,0,0,0,0,0,0,0,0,0,0,0,0,0,0,0,0,0,0,0,0,0,0,0,0,0,0,0,0,0,0,0,0,0,0,2,0,2,0,2,0,2,2,2,5,2,2,5,2,2,0,0,0,0,2,0,0,0,0,2,0,0,0,0,0,0,2,0,0,0,0,0,0,0,0
רוז,227,2,5,2,2,7,2,2,2,2,2,2,5,2,5,2,2,2,2,0,2,0,2,2,2,0,2,2,2,0,2,0,2,2,2,2,2,2,2,2,2,2,2,5,0,2,2,2,2,2,2,2,2,2,2,0,0,2,0,2,2,0,2,2,2,2,2,2,0,2,2,2,2,2,0
רוזאן,157,0,0,0,0,0,0,0,2,0,0,0,0,0,0,0,0,2,0,0,0,0,2,0,2,0,0,2,0,2,2,2,0,2,2,2,2,2,7,2,11,7,6,8,14,10,13,7,6,9,2,2,8,2,2,2,2,2,2,0,0,0,2,0,2,0,2,0,0,0,0,0,0,0,0
רוזין,99,0,0,0,0,0,0,0,0,0,0,0,0,0,0,0,0,0,0,0,2,0,0,0,2,0,2,2,2,2,2,0,2,5,2,7,2,6,2,2,6,2,2,8,2,5,2,8,2,2,5,2,2,2,2,2,0,0,0,2,0,2,2,2,0,0,0,0,0,0,0,0,0,0,0
רוזית,111,2,2,2,5,2,2,2,9,5,2,2,2,2,2,2,2,2,2,0,2,2,2,2,0,0,0,0,0,0,0,0,2,0,0,0,0,2,2,0,0,0,0,0,0,0,2,0,0,0,0,2,0,0,0,0,0,2,2,2,0,2,2,0,0,2,0,2,0,0,2,2,0,0,0
רוזלין,67,0,2,0,0,0,0,0,0,0,0,0,0,0,0,0,0,0,0,0,0,2,0,0,0,0,0,0,0,2,2,2,8,2,2,2,2,2,2,2,2,2,0,5,2,2,2,2,2,2,2,2,2,2,0,2,2,0,2,0,2,2,0,0,0,0,0,0,0,0,0,0,0,0,0
רולא,418,0,0,0,0,0,0,0,0,0,0,0,0,0,2,2,0,5,2,2,8,2,14,9,13,19,58,33,26,18,2,12,16,12,12,7,10,2,11,9,8,5,8,12,8,11,9,2,2,2,13,2,2,6,2,2,0,2,0,2,0,0,0,0,0,0,0,0,0,0,0,0,0,0,0
רונזא,47,0,0,0,0,0,0,0,0,0,0,0,0,0,0,0,0,0,0,0,0,0,0,0,0,0,0,0,0,0,0,0,0,2,2,2,2,5,2,2,6,2,2,2,2,0,2,2,0,2,2,2,2,2,2,0,2,0,2,2,0,2,0,0,0,0,0,0,0,0,0,0,0,0,0
רונזה,60,0,0,0,0,0,0,0,0,0,0,0,0,0,0,0,0,0,0,0,0,0,0,0,0,0,0,0,0,0,0,0,2,2,6,2,7,2,5,2,2,2,2,2,2,2,0,2,2,2,0,2,2,2,2,2,2,0,0,0,0,0,0,0,0,0,2,0,0,0,2,0,0,0,0
רזאן,110,0,0,0,0,0,0,0,0,0,0,0,0,0,0,0,0,0,0,0,0,0,2,0,0,2,0,0,0,0,2,0,0,0,0,2,2,2,0,0,2,2,5,2,2,2,2,5,5,2,2,2,2,2,12,6,8,2,6,5,2,2,2,0,2,2,2,0,0,0,2,0,2,0,0
ריטה,134,0,2,0,2,0,0,2,2,2,0,2,2,2,2,2,2,2,0,0,2,2,2,2,2,2,2,2,5,2,2,6,2,2,2,2,2,2,2,2,2,2,2,0,2,0,0,2,0,2,2,2,0,2,2,0,0,2,0,2,0,2,0,2,0,2,2,2,2,9,2,5,2,2,2
רים,555,0,0,0,0,0,0,0,0,0,0,2,0,2,2,2,2,5,5,5,7,15,19,17,15,9,16,13,21,11,17,17,15,11,19,17,23,9,16,17,15,13,13,21,12,11,15,21,19,16,5,10,9,7,2,2,5,2,2,2,2,2,2,0,2,2,2,2,2,0,2,2,0,2,2
רימא,394,2,2,2,2,0,2,0,2,2,2,2,2,2,5,2,5,5,5,2,5,8,7,2,6,12,5,11,14,2,8,13,7,6,6,8,7,5,7,7,9,9,9,11,2,10,6,7,5,8,13,6,12,10,12,7,6,2,7,2,2,8,2,2,2,0,2,2,2,2,2,0,2,0,2
רינה,199,2,2,2,0,2,2,2,2,0,2,2,2,2,2,6,2,2,0,2,2,8,2,6,9,2,2,2,10,8,2,2,2,2,2,6,2,2,2,2,2,2,5,2,0,2,6,2,2,2,2,2,2,5,0,2,0,2,2,2,0,0,0,2,2,2,2,0,2,0,0,2,2,0,0
ריניה,31,0,0,0,2,0,2,2,0,5,0,2,2,0,0,2,0,0,0,2,0,2,0,0,0,0,0,0,0,2,0,0,0,0,0,0,0,0,0,0,0,0,0,2,0,0,0,0,0,0,0,0,2,0,0,0,2,0,0,0,0,0,0,2,0,2,0,0,0,0,0,0,0,0,0
ריתא,116,0,0,0,0,2,0,0,2,2,0,0,2,2,2,2,2,2,2,2,6,2,5,2,5,2,2,2,5,2,2,8,2,0,2,0,2,0,0,0,2,0,2,2,2,2,2,2,2,2,2,0,0,0,2,2,2,0,0,0,0,0,2,2,0,0,0,2,2,2,2,2,2,2,2
רנא,464,0,0,0,0,0,0,0,0,0,2,0,2,0,0,2,2,0,2,2,8,8,8,2,5,12,6,12,13,12,14,7,9,8,8,19,23,35,39,26,17,19,12,16,12,16,14,8,9,11,7,9,2,6,2,0,5,2,2,0,2,2,0,0,0,2,0,0,0,0,0,0,2,0,0
רנד,46,0,0,0,0,0,0,0,0,0,0,0,0,0,0,0,0,0,0,0,0,0,0,0,0,0,0,0,0,0,0,0,0,0,0,0,0,0,0,0,0,0,0,0,2,2,2,2,2,2,2,2,2,6,0,2,2,2,2,0,2,2,2,0,0,2,2,2,0,0,0,2,0,0,2
רנדה,159,0,0,2,0,0,0,2,0,2,2,6,6,10,2,10,6,7,2,2,2,6,2,7,2,7,2,2,2,5,2,2,0,2,2,2,2,2,2,2,2,2,2,2,2,2,2,2,2,2,2,2,0,0,2,0,2,0,0,2,0,0,0,0,0,2,0,0,2,2,0,2,0,0,0
רנין,420,0,0,0,0,0,0,0,0,0,0,0,0,0,0,2,0,2,0,2,0,2,0,2,5,2,2,2,14,10,11,15,8,22,16,19,20,22,20,22,20,19,20,19,17,16,12,13,12,9,10,8,5,2,5,6,0,2,2,2,2,2,0,0,0,0,0,0,0,0,0,0,0,0,0
רשא,213,0,0,0,0,0,0,0,0,0,0,0,0,0,0,0,2,0,0,0,0,0,0,0,2,2,0,2,5,6,2,2,5,5,7,8,9,24,18,14,10,7,9,2,10,10,7,7,2,2,2,2,5,2,2,2,2,2,0,2,0,0,0,0,2,2,0,0,0,2,0,0,0,0,0
שאדיה,152,0,0,0,0,2,2,2,2,2,2,6,7,6,7,7,2,2,5,2,2,2,6,5,5,8,2,8,7,7,5,2,2,2,2,2,2,2,0,2,2,0,0,2,0,2,0,0,2,2,0,0,0,0,0,0,0,0,0,0,0,0,0,0,0,0,0,2,2,0,2,0,2,0,0
שאדן,85,0,0,0,0,0,0,0,0,0,0,0,0,0,0,0,0,0,2,0,0,0,0,2,2,0,0,2,2,0,0,2,0,2,0,2,2,2,2,6,2,2,2,2,2,2,6,9,2,2,2,2,2,2,2,0,2,2,0,2,2,2,0,2,2,0,0,2,0,0,0,0,0,0,0
שדא,110,0,0,0,0,0,0,0,0,0,0,0,0,0,0,0,0,0,0,0,0,0,0,0,0,0,0,0,2,2,2,0,0,0,2,0,2,2,0,0,2,2,2,0,2,2,0,2,5,2,2,14,8,2,6,9,7,2,2,2,5,2,2,2,2,0,2,2,2,2,0,2,2,0,0
שירין,423,0,0,0,0,0,0,0,0,0,0,0,0,2,0,2,2,2,0,0,2,2,6,5,2,2,10,8,7,11,43,45,23,19,16,23,25,19,14,9,10,13,9,12,13,8,11,2,11,5,2,7,5,2,5,0,2,0,2,0,0,2,0,0,0,0,0,2,0,0,0,0,0,0,0
שמס,50,0,0,0,0,0,0,0,0,0,0,0,0,0,2,0,0,0,0,0,0,0,0,0,0,0,0,0,0,0,0,0,0,0,0,0,0,0,2,0,2,0,0,0,0,0,0,0,0,2,2,0,0,2,0,0,2,0,0,2,0,2,2,0,0,0,0,2,2,2,5,5,2,2,9
שרה,91,2,0,0,0,0,0,0,0,0,0,2,0,0,2,2,2,2,0,0,0,0,0,0,2,2,2,2,2,2,2,2,0,0,2,0,2,2,2,0,0,2,0,2,2,2,0,2,2,2,2,2,2,0,5,2,0,2,2,2,2,2,2,2,2,2,5,2,2,2,2,2,2,2,2
שריהאן,19,0,0,0,0,0,0,0,0,0,0,0,0,0,0,0,0,0,0,0,0,0,0,0,0,0,0,0,0,0,0,0,0,0,0,0,0,0,2,2,2,5,2,0,2,2,0,2,0,0,0,2,0,0,0,0,0,0,0,0,0,0,0,0,0,0,0,0,0,0,0,0,0,0,0
תאלא,193,0,0,0,0,0,0,0,0,0,0,0,0,0,0,0,0,0,0,0,0,0,0,0,0,0,0,0,0,0,0,0,0,0,0,0,2,0,0,0,0,2,2,2,0,2,2,2,2,0,2,2,8,2,2,2,6,5,8,6,9,5,7,10,15,11,9,14,7,8,10,14,8,8,2
תאלין,63,0,0,0,0,0,0,0,0,0,0,0,0,0,0,0,0,0,0,0,0,0,0,0,2,0,0,0,0,0,0,0,2,0,0,0,0,0,0,0,2,0,0,2,2,0,2,2,0,0,2,2,0,2,2,2,2,2,0,2,2,6,2,2,6,2,2,2,2,2,2,5,0,2,2
תגריד,117,0,0,0,0,0,0,0,2,2,2,2,2,2,2,2,6,7,2,7,2,2,2,2,2,2,2,2,2,2,2,2,0,2,0,2,2,2,2,2,2,2,2,2,2,2,2,0,0,0,2,0,0,0,2,0,0,2,0,0,0,0,0,0,0,0,0,0,0,2,0,2,0,0,0
תולאי,33,0,0,0,0,0,0,0,0,0,0,0,0,0,0,0,0,0,0,0,0,0,0,0,0,0,0,0,0,0,0,0,0,0,0,0,0,0,0,0,0,0,0,0,0,0,0,0,0,0,0,0,0,0,0,0,0,0,0,0,0,2,5,2,5,2,5,2,0,2,2,2,2,2,2
תולין,98,0,0,0,0,0,0,0,0,0,0,0,0,0,0,0,0,0,0,0,0,0,0,0,0,0,0,2,0,0,0,0,0,0,0,0,0,0,0,0,0,0,0,0,0,0,0,0,0,0,0,0,0,0,0,0,0,2,0,2,2,2,12,10,10,8,13,9,7,5,2,5,2,7,2
תיא,151,0,0,0,0,0,0,0,0,0,0,0,0,0,0,0,0,0,0,0,0,0,0,0,0,0,0,0,0,0,0,0,0,0,0,0,0,0,0,0,0,0,0,0,0,0,0,0,0,0,0,0,0,2,2,2,2,2,2,6,8,9,10,2,6,8,8,6,10,9,9,8,17,10,6
תיריז,123,5,2,5,2,6,2,7,5,2,5,2,2,2,2,0,2,2,2,2,2,2,2,0,0,0,2,0,2,2,0,0,0,0,0,0,2,2,0,0,2,0,2,0,0,0,2,0,0,0,2,2,0,0,2,0,0,0,0,0,0,0,2,0,0,0,0,0,0,0,0,0,0,0,0
תלין,38,0,0,0,0,0,0,0,0,0,0,0,0,0,0,0,0,0,0,0,0,0,0,0,0,0,0,0,0,0,0,0,0,2,0,0,0,0,0,0,0,0,0,2,0,0,0,0,0,2,0,0,2,2,2,0,0,2,0,2,2,2,2,6,2,2,2,2,2,2,0,2,0,2,0
תמאם,65,2,2,2,2,5,2,2,2,2,2,2,2,0,2,2,2,2,2,2,2,2,0,2,2,0,0,2,0,2,2,0,0,0,0,0,2,0,0,0,0,0,0,2,2,0,2,0,0,0,0,0,0,2,0,0,0,0,0,0,0,0,2,0,0,2,0,0,0,2,0,0,0,0,0